12345,DefaultTrainee,Mall,System,2021/11/01 11:21:38 PM,79,54,40,135
12345,DefaultTrainee,OpenPlain,System,2021/11/04 4:06:27 PM,97,35,26,132
12345,DefaultTrainee,Mall,System,2021/11/04 4:28:38 PM,453,12,2,519
12345,DefaultTrainee,OpenPlain,System,2021/11/04 4:29:41 PM,144,36,20,180
12345,DefaultTrainee,Mall,System,2021/11/15 4:11:52 PM,12,0,0,12
12345,DefaultTrainee,Mall,System,2021/11/15 4:13:13 PM,1,0,0,1
12345,DefaultTrainee,Mall,System,2021/11/15 4:27:48 PM,99,0,0,112
12345,DefaultTrainee,Indoor_restaurant,System,2021/11/17 11:25:41 AM,8,30,73,41
12345,DefaultTrainee,Mall,System,2021/11/18 12:29:59 PM,1,0,0,1
12345,DefaultTrainee,Mall,System,2021/11/23 3:03:35 PM,11,0,0,12
12345,DefaultTrainee,Mall,System,2021/11/23 3:09:21 PM,1,0,0,1
12345,DefaultTrainee,Mall,System,2021/11/23 3:23:05 PM,17,1,5,18
12345,DefaultTrainee,Mall,System,2021/11/23 3:34:52 PM,3,0,0,3
12345,DefaultTrainee,Mall,System,2021/12/01 7:38:12 PM,1883,24,1,2017
12345,DefaultTrainee,Mall,System,2021/12/02 9:17:31 AM,151,19,11,172
12345,DefaultTrainee,OpenPlain,System,2021/12/02 4:17:08 PM,211,36,14,252
12345,DefaultTrainee,OpenPlain,System,2021/12/02 4:20:48 PM,46,9,13,66
12345,DefaultTrainee,OpenPlain,System,2021/12/02 4:23:34 PM,214,30,11,254
12345,DefaultTrainee,Mall,System,2021/12/03 10:29:04 AM,133,54,28,191
12345,DefaultTrainee,Mall,System,2021/12/03 11:30:39 AM,235,76,23,317
12345,DefaultTrainee,Mall,System,2021/12/03 11:38:13 AM,87,21,19,108
12345,DefaultTrainee,Mall,System,2021/12/03 11:40:32 AM,83,15,15,98
12345,DefaultTrainee,Mall,System,2021/12/03 1:51:33 PM,47,12,20,59
12345,DefaultTrainee,Mall,System,2021/12/03 1:53:32 PM,49,10,16,59
12345,DefaultTrainee,Mall,System,2021/12/03 1:57:09 PM,60,21,25,81
12345,DefaultTrainee,Mall,System,2021/12/03 2:04:30 PM,58,23,27,84
12345,DefaultTrainee,Mall,System,2021/12/03 2:08:01 PM,85,27,24,112
12345,DefaultTrainee,Mall,System,2021/12/03 2:11:09 PM,35,10,20,48
12345,DefaultTrainee,Mall,System,2021/12/03 2:25:18 PM,9,3,25,12
12345,DefaultTrainee,Mall,System,2021/12/03 2:32:57 PM,64,17,20,81
12345,DefaultTrainee,Mall,System,2021/12/03 3:28:17 PM,56,6,9,62
12345,DefaultTrainee,Mall,System,2021/12/03 3:28:17 PM,56,6,9,62
12345,DefaultTrainee,Mall,System,2021/12/03 3:28:17 PM,56,6,9,62
12345,DefaultTrainee,Mall,System,2021/12/03 3:28:18 PM,56,6,9,62
12345,DefaultTrainee,Mall,System,2021/12/03 3:28:18 PM,56,6,9,62
12345,DefaultTrainee,Mall,System,2021/12/03 3:28:18 PM,56,6,9,62
12345,DefaultTrainee,Mall,System,2021/12/03 3:28:20 PM,56,6,9,62
12345,DefaultTrainee,Mall,System,2021/12/03 3:28:20 PM,56,6,9,62
12345,DefaultTrainee,Mall,System,2021/12/03 3:28:20 PM,56,6,9,62
12345,DefaultTrainee,Mall,System,2021/12/03 3:31:32 PM,16,9,36,25
12345,DefaultTrainee,Mall,System,2021/12/03 3:31:32 PM,16,9,36,25
12345,DefaultTrainee,Mall,System,2021/12/03 3:31:32 PM,16,9,36,25
12345,DefaultTrainee,Mall,System,2021/12/03 3:31:32 PM,16,9,36,25
12345,DefaultTrainee,Mall,,2021/12/03 3:43:54 PM,5,0,0,5
12345,DefaultTrainee,Mall,brusley@imagistix.co.za,2021/12/03 4:03:57 PM,6,0,0,6
12345,DefaultTrainee,OpenPlain,,2021/12/03 8:48:17 PM,41,18,29,61
12345,DefaultTrainee,OpenPlain,,2021/12/03 8:48:17 PM,41,18,29,61
12345,DefaultTrainee,OpenPlain,,2021/12/03 8:48:17 PM,41,18,29,61
12345,DefaultTrainee,OpenPlain,,2021/12/03 8:48:17 PM,41,18,29,61
12345,DefaultTrainee,OpenPlain,,2021/12/03 8:48:18 PM,41,18,29,61
12345,DefaultTrainee,OpenPlain,,2021/12/03 8:48:18 PM,41,18,29,61
12345,DefaultTrainee,OpenPlain,,2021/12/03 8:48:18 PM,41,18,29,61
12345,DefaultTrainee,OpenPlain,,2021/12/03 8:48:18 PM,41,18,29,61
12345,DefaultTrainee,OpenPlain,,2021/12/03 8:48:18 PM,41,18,29,61
12345,DefaultTrainee,OpenPlain,,2021/12/03 8:48:18 PM,41,18,29,61
12345,DefaultTrainee,OpenPlain,,2021/12/03 8:48:22 PM,41,18,29,61
12345,DefaultTrainee,Indoor_restaurant,,2021/12/03 8:52:05 PM,267,42,13,311
12345,DefaultTrainee,MiniCity,,2021/12/03 8:54:21 PM,3,0,0,3
12345,DefaultTrainee,MiniCity,,2021/12/03 8:55:14 PM,11,0,0,14
12345,DefaultTrainee,OpenPlain,,2021/12/04 1:45:17 PM,11,0,0,11
12345,DefaultTrainee,OpenPlain,,2021/12/04 1:48:28 PM,46,42,46,91
12345,DefaultTrainee,OpenPlain,,2021/12/04 2:48:29 PM,6,0,0,6
12345,DefaultTrainee,OpenPlain,,2021/12/04 3:54:07 PM,40,11,15,73
12345,DefaultTrainee,OpenPlain,,2021/12/04 4:20:27 PM,77,13,11,116
12345,DefaultTrainee,Mall,admin,2021/12/04 5:00:18 PM,75,2,1,156
12345,DefaultTrainee,Outdoor_FOREST,admin,2021/12/04 5:03:43 PM,75,2,1,172
12345,DefaultTrainee,MiniCity,admin,2021/12/04 5:04:01 PM,75,2,1,179
12345,DefaultTrainee,OpenPlain,admin,2021/12/04 5:05:01 PM,120,5,2,238
12345,DefaultTrainee,Mall,,2021/12/04 5:10:22 PM,56,3,2,128
12345,DefaultTrainee,Mall,,2021/12/06 9:01:39 AM,160,18,8,225
12345,DefaultTrainee,MiniCity,,2021/12/06 9:04:19 AM,161,18,6,267
12345,DefaultTrainee,Indoor_range,beny@imagistix.co.za,2021/12/06 5:06:47 PM,0,0,0,12
12345,DefaultTrainee,Indoor_range,beny@imagistix.co.za,2021/12/06 5:06:47 PM,0,0,0,12
12345,DefaultTrainee,Indoor_range,beny@imagistix.co.za,2021/12/06 5:06:47 PM,0,0,0,12
12345,DefaultTrainee,Indoor_range,beny@imagistix.co.za,2021/12/06 5:06:47 PM,0,0,0,12
12345,DefaultTrainee,Indoor_range,beny@imagistix.co.za,2021/12/06 5:06:47 PM,0,0,0,12
12345,DefaultTrainee,Indoor_range,beny@imagistix.co.za,2021/12/06 5:06:47 PM,0,0,0,12
12345,DefaultTrainee,Indoor_range,beny@imagistix.co.za,2021/12/06 5:06:47 PM,0,0,0,12
12345,DefaultTrainee,Indoor_range,beny@imagistix.co.za,2021/12/06 5:06:47 PM,0,0,0,12
12345,DefaultTrainee,Indoor_range,beny@imagistix.co.za,2021/12/06 5:06:47 PM,0,0,0,12
12345,DefaultTrainee,Indoor_range,beny@imagistix.co.za,2021/12/06 5:06:47 PM,0,0,0,12
12345,DefaultTrainee,OpenPlain,beny@imagistix.co.za,2021/12/06 5:09:13 PM,48,11,11,97
12345,DefaultTrainee,OpenPlain,beny@imagistix.co.za,2021/12/06 5:09:13 PM,48,11,11,97
12345,DefaultTrainee,OpenPlain,beny@imagistix.co.za,2021/12/06 5:09:16 PM,48,11,11,97
12345,DefaultTrainee,OpenPlain,beny@imagistix.co.za,2021/12/06 5:09:16 PM,48,11,11,97
12345,DefaultTrainee,Indoor_range,beny@imagistix.co.za,2021/12/06 5:18:15 PM,0,0,0,135
12345,DefaultTrainee,Indoor_range,beny@imagistix.co.za,2021/12/06 5:18:15 PM,0,0,0,135
12345,DefaultTrainee,Indoor_range,beny@imagistix.co.za,2021/12/06 5:18:15 PM,0,0,0,135
12345,DefaultTrainee,Indoor_range,beny@imagistix.co.za,2021/12/06 5:18:15 PM,0,0,0,135
12345,DefaultTrainee,Indoor_range,beny@imagistix.co.za,2021/12/06 5:18:15 PM,0,0,0,135
12345,DefaultTrainee,Indoor_range,beny@imagistix.co.za,2021/12/06 5:18:15 PM,0,0,0,135
12345,DefaultTrainee,Indoor_range,beny@imagistix.co.za,2021/12/06 5:18:15 PM,0,0,0,135
12345,DefaultTrainee,Indoor_range,beny@imagistix.co.za,2021/12/06 5:18:15 PM,0,0,0,135
12345,DefaultTrainee,Indoor_range,beny@imagistix.co.za,2021/12/06 5:18:15 PM,0,0,0,135
12345,DefaultTrainee,Indoor_range,beny@imagistix.co.za,2021/12/06 5:18:15 PM,0,0,0,135
12345,DefaultTrainee,Indoor_range,beny@imagistix.co.za,2021/12/06 5:18:15 PM,0,0,0,135
12345,DefaultTrainee,Indoor_range,beny@imagistix.co.za,2021/12/06 5:18:15 PM,0,0,0,135
12345,DefaultTrainee,Indoor_range,beny@imagistix.co.za,2021/12/06 5:18:15 PM,0,0,0,135
12345,DefaultTrainee,Indoor_range,beny@imagistix.co.za,2021/12/06 5:18:15 PM,0,0,0,135
12345,DefaultTrainee,Indoor_range,beny@imagistix.co.za,2021/12/06 5:18:15 PM,0,0,0,135
12345,DefaultTrainee,Indoor_range,beny@imagistix.co.za,2021/12/06 5:18:15 PM,0,0,0,135
12345,DefaultTrainee,Indoor_range,beny@imagistix.co.za,2021/12/06 5:27:57 PM,0,0,0,3
12345,DefaultTrainee,Indoor_range,beny@imagistix.co.za,2021/12/06 5:27:57 PM,0,0,0,3
12345,DefaultTrainee,Indoor_range,beny@imagistix.co.za,2021/12/06 5:27:57 PM,0,0,0,3
12345,DefaultTrainee,Indoor_range,beny@imagistix.co.za,2021/12/06 5:27:57 PM,0,0,0,3
12345,DefaultTrainee,Indoor_range,beny@imagistix.co.za,2021/12/06 5:27:57 PM,0,0,0,3
12345,DefaultTrainee,Indoor_range,beny@imagistix.co.za,2021/12/06 5:27:57 PM,0,0,0,3
12345,DefaultTrainee,Indoor_range,beny@imagistix.co.za,2021/12/06 5:27:57 PM,0,0,0,3
12345,DefaultTrainee,Indoor_range,beny@imagistix.co.za,2021/12/06 5:27:57 PM,0,0,0,3
12345,DefaultTrainee,Indoor_range,beny@imagistix.co.za,2021/12/06 5:27:57 PM,0,0,0,3
12345,DefaultTrainee,Indoor_range,beny@imagistix.co.za,2021/12/06 5:27:57 PM,0,0,0,3
12345,DefaultTrainee,Indoor_range,beny@imagistix.co.za,2021/12/06 5:27:57 PM,0,0,0,3
12345,DefaultTrainee,Indoor_range,beny@imagistix.co.za,2021/12/06 5:27:57 PM,0,0,0,3
12345,DefaultTrainee,Indoor_range,beny@imagistix.co.za,2021/12/06 5:27:57 PM,0,0,0,3
12345,DefaultTrainee,Indoor_range,beny@imagistix.co.za,2021/12/06 5:27:57 PM,0,0,0,3
12345,DefaultTrainee,Indoor_range,beny@imagistix.co.za,2021/12/06 5:27:57 PM,0,0,0,3
12345,DefaultTrainee,Indoor_range,beny@imagistix.co.za,2021/12/06 5:27:57 PM,0,0,0,3
12345,DefaultTrainee,Indoor_range,beny@imagistix.co.za,2021/12/06 5:27:57 PM,0,0,0,3
12345,DefaultTrainee,Indoor_range,beny@imagistix.co.za,2021/12/06 5:27:57 PM,0,0,0,3
12345,DefaultTrainee,Indoor_range,beny@imagistix.co.za,2021/12/06 5:27:57 PM,0,0,0,3
12345,DefaultTrainee,Indoor_range,beny@imagistix.co.za,2021/12/06 5:27:57 PM,0,0,0,3
12345,DefaultTrainee,Indoor_range,beny@imagistix.co.za,2021/12/06 5:27:57 PM,0,0,0,3
12345,DefaultTrainee,Indoor_range,beny@imagistix.co.za,2021/12/06 5:27:57 PM,0,0,0,3
12345,DefaultTrainee,Indoor_range,beny@imagistix.co.za,2021/12/06 5:27:57 PM,0,0,0,3
12345,DefaultTrainee,Indoor_range,beny@imagistix.co.za,2021/12/06 5:27:57 PM,0,0,0,3
12345,DefaultTrainee,Indoor_range,beny@imagistix.co.za,2021/12/06 5:27:57 PM,0,0,0,3
12345,DefaultTrainee,Indoor_range,beny@imagistix.co.za,2021/12/06 5:27:57 PM,0,0,0,3
12345,DefaultTrainee,Indoor_range,beny@imagistix.co.za,2021/12/06 5:27:57 PM,0,0,0,3
12345,DefaultTrainee,Indoor_range,beny@imagistix.co.za,2021/12/06 5:27:57 PM,0,0,0,3
12345,DefaultTrainee,Indoor_range,beny@imagistix.co.za,2021/12/06 5:27:57 PM,0,0,0,3
12345,DefaultTrainee,Indoor_range,beny@imagistix.co.za,2021/12/06 5:27:57 PM,0,0,0,3
12345,DefaultTrainee,Indoor_range,beny@imagistix.co.za,2021/12/06 5:27:57 PM,0,0,0,3
12345,DefaultTrainee,Indoor_range,beny@imagistix.co.za,2021/12/06 5:27:57 PM,0,0,0,3
12345,DefaultTrainee,Indoor_range,beny@imagistix.co.za,2021/12/06 5:27:57 PM,0,0,0,3
12345,DefaultTrainee,Indoor_range,beny@imagistix.co.za,2021/12/06 5:27:57 PM,0,0,0,3
12345,DefaultTrainee,Indoor_range,beny@imagistix.co.za,2021/12/06 5:27:57 PM,0,0,0,3
12345,DefaultTrainee,Indoor_range,beny@imagistix.co.za,2021/12/06 5:27:57 PM,0,0,0,3
12345,DefaultTrainee,Indoor_range,beny@imagistix.co.za,2021/12/06 5:27:57 PM,0,0,0,3
12345,DefaultTrainee,Indoor_range,beny@imagistix.co.za,2021/12/06 5:27:57 PM,0,0,0,3
12345,DefaultTrainee,Indoor_range,beny@imagistix.co.za,2021/12/06 5:27:57 PM,0,0,0,3
12345,DefaultTrainee,Indoor_range,beny@imagistix.co.za,2021/12/06 5:30:34 PM,0,0,0,12
12345,DefaultTrainee,Indoor_range,beny@imagistix.co.za,2021/12/06 5:30:34 PM,0,0,0,12
12345,DefaultTrainee,Indoor_range,beny@imagistix.co.za,2021/12/06 5:30:34 PM,0,0,0,12
12345,DefaultTrainee,Indoor_range,beny@imagistix.co.za,2021/12/06 5:30:34 PM,0,0,0,12
12345,DefaultTrainee,Indoor_range,beny@imagistix.co.za,2021/12/06 5:30:34 PM,0,0,0,12
12345,DefaultTrainee,Indoor_range,beny@imagistix.co.za,2021/12/06 5:30:34 PM,0,0,0,12
12345,DefaultTrainee,Indoor_range,beny@imagistix.co.za,2021/12/06 5:30:34 PM,0,0,0,12
12345,DefaultTrainee,Indoor_range,beny@imagistix.co.za,2021/12/06 5:30:34 PM,0,0,0,12
12345,DefaultTrainee,Indoor_range,beny@imagistix.co.za,2021/12/06 5:30:34 PM,0,0,0,12
12345,DefaultTrainee,Indoor_range,beny@imagistix.co.za,2021/12/06 5:30:34 PM,0,0,0,12
12345,DefaultTrainee,Indoor_range,beny@imagistix.co.za,2021/12/06 5:30:35 PM,0,0,0,12
12345,DefaultTrainee,Indoor_range,beny@imagistix.co.za,2021/12/06 5:30:35 PM,0,0,0,12
12345,DefaultTrainee,Indoor_range,beny@imagistix.co.za,2021/12/06 5:30:35 PM,0,0,0,12
12345,DefaultTrainee,Indoor_range,beny@imagistix.co.za,2021/12/06 5:30:35 PM,0,0,0,12
12345,DefaultTrainee,Indoor_range,beny@imagistix.co.za,2021/12/06 5:30:35 PM,0,0,0,12
12345,DefaultTrainee,Indoor_range,beny@imagistix.co.za,2021/12/06 5:30:35 PM,0,0,0,12
12345,DefaultTrainee,Indoor_range,beny@imagistix.co.za,2021/12/06 5:30:35 PM,0,0,0,12
12345,DefaultTrainee,Indoor_range,beny@imagistix.co.za,2021/12/06 5:30:35 PM,0,0,0,12
12345,DefaultTrainee,Indoor_range,beny@imagistix.co.za,2021/12/06 5:30:35 PM,0,0,0,12
12345,DefaultTrainee,Indoor_range,beny@imagistix.co.za,2021/12/06 5:30:35 PM,0,0,0,12
12345,DefaultTrainee,Indoor_range,beny@imagistix.co.za,2021/12/06 5:30:35 PM,0,0,0,12
12345,DefaultTrainee,Indoor_range,beny@imagistix.co.za,2021/12/06 5:30:35 PM,0,0,0,12
12345,DefaultTrainee,Indoor_range,beny@imagistix.co.za,2021/12/06 5:30:35 PM,0,0,0,12
12345,DefaultTrainee,Indoor_range,beny@imagistix.co.za,2021/12/06 5:30:35 PM,0,0,0,12
12345,DefaultTrainee,Indoor_range,beny@imagistix.co.za,2021/12/06 5:30:35 PM,0,0,0,12
12345,DefaultTrainee,Indoor_range,beny@imagistix.co.za,2021/12/06 5:30:35 PM,0,0,0,12
12345,DefaultTrainee,Indoor_range,beny@imagistix.co.za,2021/12/06 5:30:35 PM,0,0,0,12
12345,DefaultTrainee,Indoor_range,beny@imagistix.co.za,2021/12/06 5:30:35 PM,0,0,0,12
12345,DefaultTrainee,Indoor_range,beny@imagistix.co.za,2021/12/06 5:30:35 PM,0,0,0,12
12345,DefaultTrainee,Indoor_range,beny@imagistix.co.za,2021/12/06 5:32:53 PM,0,0,0,7
12345,DefaultTrainee,Indoor_range,beny@imagistix.co.za,2021/12/06 5:32:53 PM,0,0,0,7
12345,DefaultTrainee,Indoor_range,beny@imagistix.co.za,2021/12/06 5:32:53 PM,0,0,0,7
12345,DefaultTrainee,Indoor_range,beny@imagistix.co.za,2021/12/06 5:32:53 PM,0,0,0,7
12345,DefaultTrainee,Indoor_range,beny@imagistix.co.za,2021/12/06 5:32:53 PM,0,0,0,7
12345,DefaultTrainee,Indoor_range,beny@imagistix.co.za,2021/12/06 5:32:53 PM,0,0,0,7
12345,DefaultTrainee,Indoor_range,beny@imagistix.co.za,2021/12/06 5:32:53 PM,0,0,0,7
12345,DefaultTrainee,Indoor_range,beny@imagistix.co.za,2021/12/06 5:32:53 PM,0,0,0,7
12345,DefaultTrainee,Indoor_range,beny@imagistix.co.za,2021/12/06 5:32:53 PM,0,0,0,7
12345,DefaultTrainee,Indoor_range,beny@imagistix.co.za,2021/12/06 5:32:53 PM,0,0,0,7
12345,DefaultTrainee,Indoor_range,beny@imagistix.co.za,2021/12/06 5:32:53 PM,0,0,0,7
12345,DefaultTrainee,Indoor_range,beny@imagistix.co.za,2021/12/06 5:32:53 PM,0,0,0,7
12345,DefaultTrainee,Indoor_range,beny@imagistix.co.za,2021/12/06 5:32:53 PM,0,0,0,7
12345,DefaultTrainee,Indoor_range,beny@imagistix.co.za,2021/12/06 5:32:53 PM,0,0,0,7
12345,DefaultTrainee,Indoor_range,beny@imagistix.co.za,2021/12/06 5:32:53 PM,0,0,0,7
12345,DefaultTrainee,Indoor_range,beny@imagistix.co.za,2021/12/06 5:32:53 PM,0,0,0,7
12345,DefaultTrainee,Indoor_range,beny@imagistix.co.za,2021/12/06 5:35:52 PM,0,0,0,6
12345,DefaultTrainee,Indoor_range,beny@imagistix.co.za,2021/12/06 5:35:52 PM,0,0,0,6
12345,DefaultTrainee,Indoor_range,beny@imagistix.co.za,2021/12/06 5:35:52 PM,0,0,0,6
12345,DefaultTrainee,Indoor_range,beny@imagistix.co.za,2021/12/06 5:35:52 PM,0,0,0,6
12345,DefaultTrainee,Indoor_range,beny@imagistix.co.za,2021/12/06 5:35:52 PM,0,0,0,6
12345,DefaultTrainee,Indoor_range,beny@imagistix.co.za,2021/12/06 5:35:52 PM,0,0,0,6
12345,DefaultTrainee,Indoor_range,beny@imagistix.co.za,2021/12/06 5:35:52 PM,0,0,0,6
12345,DefaultTrainee,Indoor_range,beny@imagistix.co.za,2021/12/06 5:35:52 PM,0,0,0,6
12345,DefaultTrainee,Indoor_range,beny@imagistix.co.za,2021/12/06 5:35:52 PM,0,0,0,6
12345,DefaultTrainee,Indoor_range,beny@imagistix.co.za,2021/12/06 5:35:52 PM,0,0,0,6
12345,DefaultTrainee,Indoor_range,beny@imagistix.co.za,2021/12/06 5:35:52 PM,0,0,0,6
12345,DefaultTrainee,Indoor_range,beny@imagistix.co.za,2021/12/06 5:35:52 PM,0,0,0,6
12345,DefaultTrainee,Indoor_range,beny@imagistix.co.za,2021/12/06 5:35:52 PM,0,0,0,6
12345,DefaultTrainee,Indoor_range,beny@imagistix.co.za,2021/12/06 5:38:22 PM,0,0,0,175
12345,DefaultTrainee,Indoor_range,beny@imagistix.co.za,2021/12/06 5:38:22 PM,0,0,0,175
12345,DefaultTrainee,Indoor_range,beny@imagistix.co.za,2021/12/06 5:38:22 PM,0,0,0,175
12345,DefaultTrainee,Indoor_range,beny@imagistix.co.za,2021/12/06 5:38:22 PM,0,0,0,175
12345,DefaultTrainee,Indoor_range,beny@imagistix.co.za,2021/12/06 5:38:22 PM,0,0,0,175
12345,DefaultTrainee,Indoor_range,beny@imagistix.co.za,2021/12/06 5:38:22 PM,0,0,0,175
12345,DefaultTrainee,Indoor_range,beny@imagistix.co.za,2021/12/06 5:38:22 PM,0,0,0,175
12345,DefaultTrainee,Indoor_range,beny@imagistix.co.za,2021/12/06 5:38:22 PM,0,0,0,175
12345,DefaultTrainee,Indoor_range,beny@imagistix.co.za,2021/12/06 5:38:22 PM,0,0,0,175
12345,DefaultTrainee,Indoor_range,beny@imagistix.co.za,2021/12/06 5:38:22 PM,0,0,0,175
12345,DefaultTrainee,Indoor_range,beny@imagistix.co.za,2021/12/06 5:38:22 PM,0,0,0,175
12345,DefaultTrainee,Indoor_range,beny@imagistix.co.za,2021/12/06 5:38:22 PM,0,0,0,175
12345,DefaultTrainee,Indoor_range,beny@imagistix.co.za,2021/12/06 5:38:22 PM,0,0,0,175
12345,DefaultTrainee,Indoor_range,beny@imagistix.co.za,2021/12/06 5:38:22 PM,0,0,0,175
12345,DefaultTrainee,Indoor_range,beny@imagistix.co.za,2021/12/06 5:38:22 PM,0,0,0,175
12345,DefaultTrainee,Indoor_range,beny@imagistix.co.za,2021/12/06 5:38:22 PM,0,0,0,175
12345,DefaultTrainee,Indoor_range,beny@imagistix.co.za,2021/12/06 5:38:22 PM,0,0,0,175
12345,DefaultTrainee,Indoor_range,beny@imagistix.co.za,2021/12/06 5:38:22 PM,0,0,0,175
12345,DefaultTrainee,Indoor_range,beny@imagistix.co.za,2021/12/06 5:38:22 PM,0,0,0,175
12345,DefaultTrainee,Indoor_range,beny@imagistix.co.za,2021/12/06 5:38:22 PM,0,0,0,175
12345,DefaultTrainee,Indoor_range,beny@imagistix.co.za,2021/12/06 5:38:22 PM,0,0,0,175
12345,DefaultTrainee,Indoor_range,beny@imagistix.co.za,2021/12/06 5:38:22 PM,0,0,0,175
12345,DefaultTrainee,Indoor_range,beny@imagistix.co.za,2021/12/06 5:38:22 PM,0,0,0,175
12345,DefaultTrainee,Indoor_range,beny@imagistix.co.za,2021/12/06 5:38:22 PM,0,0,0,175
12345,DefaultTrainee,Indoor_range,beny@imagistix.co.za,2021/12/06 5:38:22 PM,0,0,0,175
12345,DefaultTrainee,Indoor_range,beny@imagistix.co.za,2021/12/06 5:38:22 PM,0,0,0,175
12345,DefaultTrainee,Indoor_range,beny@imagistix.co.za,2021/12/06 5:38:22 PM,0,0,0,175
12345,DefaultTrainee,Indoor_range,beny@imagistix.co.za,2021/12/06 5:38:22 PM,0,0,0,175
12345,DefaultTrainee,MiniCity,,2021/12/07 11:15:43 AM,0,0,0,148
12345,DefaultTrainee,OpenPlain,,2021/12/07 11:18:11 AM,97,2,0,258
12345,DefaultTrainee,Indoor_range,brusley@imagistix.co.za,2021/12/07 12:28:16 PM,0,0,0,68
12345,DefaultTrainee,Indoor_range,brusley@imagistix.co.za,2021/12/07 12:28:16 PM,0,0,0,68
12345,DefaultTrainee,Indoor_range,brusley@imagistix.co.za,2021/12/07 12:28:16 PM,0,0,0,68
12345,DefaultTrainee,Indoor_range,brusley@imagistix.co.za,2021/12/07 12:28:16 PM,0,0,0,68
12345,DefaultTrainee,Indoor_range,brusley@imagistix.co.za,2021/12/07 12:28:16 PM,0,0,0,68
12345,DefaultTrainee,Indoor_range,brusley@imagistix.co.za,2021/12/07 12:28:16 PM,0,0,0,68
12345,DefaultTrainee,Indoor_range,brusley@imagistix.co.za,2021/12/07 12:28:16 PM,0,0,0,68
12345,DefaultTrainee,Indoor_range,brusley@imagistix.co.za,2021/12/07 12:28:16 PM,0,0,0,68
12345,DefaultTrainee,Indoor_range,brusley@imagistix.co.za,2021/12/07 12:28:16 PM,0,0,0,68
12345,DefaultTrainee,Indoor_range,brusley@imagistix.co.za,2021/12/07 12:28:16 PM,0,0,0,68
12345,DefaultTrainee,Indoor_range,brusley@imagistix.co.za,2021/12/07 12:28:16 PM,0,0,0,68
12345,DefaultTrainee,Indoor_range,,2021/12/07 12:33:10 PM,0,0,0,44
12345,DefaultTrainee,Indoor_range,,2021/12/07 12:33:10 PM,0,0,0,44
12345,DefaultTrainee,Indoor_range,,2021/12/07 12:33:10 PM,0,0,0,44
12345,DefaultTrainee,Indoor_range,,2021/12/07 12:33:10 PM,0,0,0,44
12345,DefaultTrainee,Indoor_range,,2021/12/07 12:33:10 PM,0,0,0,44
12345,DefaultTrainee,Indoor_range,,2021/12/07 12:33:10 PM,0,0,0,44
12345,DefaultTrainee,Indoor_range,,2021/12/07 12:33:10 PM,0,0,0,44
12345,DefaultTrainee,Indoor_range,,2021/12/07 12:33:10 PM,0,0,0,44
12345,DefaultTrainee,Indoor_range,,2021/12/07 12:33:10 PM,0,0,0,44
12345,DefaultTrainee,Indoor_range,,2021/12/07 12:33:10 PM,0,0,0,44
12345,DefaultTrainee,Indoor_range,,2021/12/07 12:33:10 PM,0,0,0,44
12345,DefaultTrainee,Indoor_range,,2021/12/07 12:33:10 PM,0,0,0,44
12345,DefaultTrainee,Indoor_range,brusley@imagistix.co.za,2021/12/07 12:37:57 PM,0,0,0,234
12345,DefaultTrainee,Indoor_range,brusley@imagistix.co.za,2021/12/07 12:37:57 PM,0,0,0,234
12345,DefaultTrainee,Indoor_range,brusley@imagistix.co.za,2021/12/07 12:37:57 PM,0,0,0,234
12345,DefaultTrainee,Indoor_range,brusley@imagistix.co.za,2021/12/07 12:37:57 PM,0,0,0,234
12345,DefaultTrainee,Indoor_range,brusley@imagistix.co.za,2021/12/07 12:37:57 PM,0,0,0,234
12345,DefaultTrainee,Indoor_range,brusley@imagistix.co.za,2021/12/07 12:37:57 PM,0,0,0,234
12345,DefaultTrainee,Indoor_range,brusley@imagistix.co.za,2021/12/07 12:37:57 PM,0,0,0,234
12345,DefaultTrainee,Indoor_range,brusley@imagistix.co.za,2021/12/07 12:37:57 PM,0,0,0,234
12345,DefaultTrainee,Indoor_range,brusley@imagistix.co.za,2021/12/07 12:37:57 PM,0,0,0,234
12345,DefaultTrainee,Indoor_range,brusley@imagistix.co.za,2021/12/07 12:37:57 PM,0,0,0,234
12345,DefaultTrainee,Indoor_range,brusley@imagistix.co.za,2021/12/07 12:37:57 PM,0,0,0,234
12345,DefaultTrainee,Indoor_range,brusley@imagistix.co.za,2021/12/07 12:37:57 PM,0,0,0,234
12345,DefaultTrainee,Indoor_range,brusley@imagistix.co.za,2021/12/07 12:37:57 PM,0,0,0,234
12345,DefaultTrainee,Indoor_range,brusley@imagistix.co.za,2021/12/07 12:37:57 PM,0,0,0,234
12345,DefaultTrainee,Indoor_range,brusley@imagistix.co.za,2021/12/07 12:37:57 PM,0,0,0,234
12345,DefaultTrainee,Indoor_range,brusley@imagistix.co.za,2021/12/07 12:37:57 PM,0,0,0,234
12345,DefaultTrainee,Indoor_range,brusley@imagistix.co.za,2021/12/07 12:37:57 PM,0,0,0,234
12345,DefaultTrainee,Indoor_range,brusley@imagistix.co.za,2021/12/07 12:53:32 PM,0,0,0,87
12345,DefaultTrainee,Indoor_range,brusley@imagistix.co.za,2021/12/07 12:53:32 PM,0,0,0,87
12345,DefaultTrainee,Indoor_range,brusley@imagistix.co.za,2021/12/07 12:53:32 PM,0,0,0,87
12345,DefaultTrainee,Indoor_range,brusley@imagistix.co.za,2021/12/07 12:53:32 PM,0,0,0,87
12345,DefaultTrainee,Indoor_range,brusley@imagistix.co.za,2021/12/07 12:53:32 PM,0,0,0,87
12345,DefaultTrainee,Indoor_range,brusley@imagistix.co.za,2021/12/07 12:53:32 PM,0,0,0,87
12345,DefaultTrainee,Indoor_range,brusley@imagistix.co.za,2021/12/07 12:53:32 PM,0,0,0,87
12345,DefaultTrainee,Indoor_range,brusley@imagistix.co.za,2021/12/07 12:53:32 PM,0,0,0,87
12345,DefaultTrainee,Indoor_range,brusley@imagistix.co.za,2021/12/07 12:53:32 PM,0,0,0,87
12345,DefaultTrainee,Indoor_range,brusley@imagistix.co.za,2021/12/07 12:53:32 PM,0,0,0,87
12345,DefaultTrainee,Indoor_range,brusley@imagistix.co.za,2021/12/07 12:53:32 PM,0,0,0,87
12345,DefaultTrainee,Indoor_range,brusley@imagistix.co.za,2021/12/07 12:53:32 PM,0,0,0,87
12345,DefaultTrainee,Indoor_range,brusley@imagistix.co.za,2021/12/07 12:53:32 PM,0,0,0,87
12345,DefaultTrainee,Indoor_range,brusley@imagistix.co.za,2021/12/07 12:53:32 PM,0,0,0,87
12345,DefaultTrainee,Indoor_range,brusley@imagistix.co.za,2021/12/07 12:53:32 PM,0,0,0,87
12345,DefaultTrainee,Indoor_range,brusley@imagistix.co.za,2021/12/07 12:53:32 PM,0,0,0,87
12345,DefaultTrainee,Indoor_range,brusley@imagistix.co.za,2021/12/07 12:53:32 PM,0,0,0,87
12345,DefaultTrainee,Indoor_range,brusley@imagistix.co.za,2021/12/07 12:53:32 PM,0,0,0,87
12345,DefaultTrainee,Indoor_range,brusley@imagistix.co.za,2021/12/07 12:53:32 PM,0,0,0,87
12345,DefaultTrainee,Indoor_range,brusley@imagistix.co.za,2021/12/07 12:53:32 PM,0,0,0,87
12345,DefaultTrainee,Indoor_range,brusley@imagistix.co.za,2021/12/07 12:53:32 PM,0,0,0,87
12345,DefaultTrainee,Indoor_range,brusley@imagistix.co.za,2021/12/07 12:59:09 PM,0,0,0,37
12345,DefaultTrainee,Indoor_range,brusley@imagistix.co.za,2021/12/07 1:05:34 PM,0,0,0,142
12345,DefaultTrainee,Indoor_range,nkosi@imagistix.co.za,2021/12/07 1:12:59 PM,0,0,0,62
12345,DefaultTrainee,OpenPlain,brusley@imagistix.co.za,2021/12/07 2:38:40 PM,165,11,3,294
12345,DefaultTrainee,OpenPlain,brusley@imagistix.co.za,2021/12/07 2:39:33 PM,174,11,3,303
12345,DefaultTrainee,OpenPlain,brusley@imagistix.co.za,2021/12/07 2:39:33 PM,174,11,3,303
12345,DefaultTrainee,OpenPlain,brusley@imagistix.co.za,2021/12/07 2:39:34 PM,174,11,3,303
12345,DefaultTrainee,Indoor_range,,2021/12/07 9:23:29 PM,112,4,2,164
12345,DefaultTrainee,Indoor_range,kam@imagistix.co.za,2021/12/07 9:26:20 PM,112,4,1,211
12345,DefaultTrainee,Indoor_range,kam@imagistix.co.za,2021/12/07 9:26:57 PM,112,4,1,216
3:Blossom Ntox,DefaultTrainee,Indoor_range,brusley@imagistix.co.za,2021/12/08 1:46:39 PM,0,0,0,10
22222,DefaultTrainee,Indoor_range,brusley@imagistix.co.za,2021/12/08 1:53:19 PM,0,0,0,28
,DefaultTrainee,indoor_rooms,,2022/01/18 10:45:56 PM,11,3,17,17
,DefaultTrainee,Indoor_range,kam@imagistix.co.za,2022/01/19 11:26:21 PM,0,0,0,27
,DefaultTrainee,Indoor_range,kam@imagistix.co.za,2022/01/19 11:27:36 PM,0,0,0,28
,DefaultTrainee,Indoor_range,kam@imagistix.co.za,2022/01/19 11:32:58 PM,0,0,0,12
,DefaultTrainee,Indoor_range,kam@imagistix.co.za,2022/01/19 11:35:35 PM,0,0,0,13
,DefaultTrainee,Indoor_range,kam@imagistix.co.za,2022/01/19 11:49:13 PM,0,0,0,13
3456,DefaultTrainee,Indoor_range,kam@imagistix.co.za,2022/01/20 12:01:04 AM,0,0,0,6
,DefaultTrainee,Indoor_range,kam@imagistix.co.za,2022/01/20 2:50:41 PM,0,0,0,24
,DefaultTrainee,Mall,,2022/01/20 3:59:07 PM,189,3,1,195
121212,DefaultTrainee,Mall,kam@imagistix.co.za,2022/01/20 4:01:25 PM,50,3,5,56
`12112,DefaultTrainee,Mall,kam@imagistix.co.za,2022/01/20 4:19:34 PM,105,0,0,105
123,DefaultTrainee,Mall,kam@imagistix.co.za,2022/01/20 4:26:14 PM,113,1,0,115
123,DefaultTrainee,Mall,kam@imagistix.co.za,2022/01/20 4:28:56 PM,1027,1,0,1029
122112,2:Nkosinate,Mall,kam@imagistix.co.za,2022/01/20 7:21:36 PM,2,0,0,3
121212,6:Frida K,Mall,kam@imagistix.co.za,2022/01/20 7:26:04 PM,2,0,0,4
99999,10:Brusley Lee,Mall,kam@imagistix.co.za,2022/01/20 7:41:07 PM,0,4,100,8
,1:Werner,Indoor_range,daan@guillaume.co.za,2022/01/21 1:27:41 AM,0,0,0,18
6464,1:Werner,Indoor_range,daan@guillaume.co.za,2022/01/21 1:34:45 AM,0,0,0,9
6464,1:Werner,Indoor_range,daan@guillaume.co.za,2022/01/21 1:35:00 AM,0,0,0,13
6464,1:Werner,Indoor_range,daan@guillaume.co.za,2022/01/21 1:35:19 AM,0,0,0,13
6464,1:Werner,Indoor_range,daan@guillaume.co.za,2022/01/21 1:35:20 AM,0,0,0,13
6464,1:Werner,Indoor_range,daan@guillaume.co.za,2022/01/21 1:38:31 AM,0,0,0,12
6464,1:Werner,Indoor_range,daan@guillaume.co.za,2022/01/21 1:39:40 AM,0,0,0,32
6464,1:Werner,Indoor_range,daan@guillaume.co.za,2022/01/21 1:51:01 AM,0,0,0,14
6465,1:Werner,Indoor_range,daan@guillaume.co.za,2022/01/21 2:01:58 AM,0,0,0,19
6465,1:Werner,Indoor_range,daan@guillaume.co.za,2022/01/21 2:04:02 AM,0,0,0,19
 ,,Mall, ,2022/03/28 12:33:54 PM,0,0,0,1
 ,,Mall, ,2022/03/28 12:33:55 PM,0,0,0,1
,,Mall,System,2022/03/28 3:28:27 PM,0,0,0,7
,,Mall,System,2022/03/28 3:29:32 PM,0,0,0,9
,,Mall,System,2022/03/28 3:29:33 PM,0,0,0,9
12131,3:Blossom Ntox,Mall,System,2022/03/28 3:31:10 PM,1,0,0,8
12131,3:Blossom Ntox,Mall,System,2022/03/28 3:31:12 PM,1,0,0,8
12131,3:Blossom Ntox,Mall,System,2022/03/28 3:31:14 PM,1,0,0,8
12131,3:Blossom Ntox,Mall,System,2022/03/28 3:31:16 PM,1,0,0,8
12131,3:Blossom Ntox,Mall,System,2022/03/28 3:31:17 PM,1,0,0,8
12131,3:Blossom Ntox,Mall,System,2022/03/28 3:31:19 PM,1,0,0,8
2345678,6:Frida K,Indoor_range,System,2022/03/28 3:36:17 PM,0,0,0,7
2345678,6:Frida K,Indoor_range,System,2022/03/28 3:36:19 PM,0,0,0,7
2345678,6:Frida K,Indoor_range,System,2022/03/28 3:36:49 PM,0,0,0,7
24235,5:Britney Rath,Mall,System,2022/04/19 4:28:52 PM,0,0,0,9
24235,5:Britney Rath,Mall,System,2022/04/19 4:29:11 PM,3,0,0,15
24235,5:Britney Rath,Mall,System,2022/04/19 4:29:18 PM,3,0,0,15
,,Indoor_range,System,2022/08/10 12:12:26 PM,0,0,0,80
,,Indoor_range,System,2022/08/10 12:12:32 PM,0,0,0,80
12345,DefaultTrainee,OpenPlain,System,2022/08/22 3:43:16 PM,151,0,0,1603
12345,DefaultTrainee,OpenPlain,System,2022/08/23 4:54:15 PM,0,3,0,3384
12345,DefaultTrainee,OpenPlain,System,2022/08/23 5:04:12 PM,35,4,0,564
12345,DefaultTrainee,OpenPlain,System,2022/08/23 5:15:53 PM,4,2,0,2700
12345,DefaultTrainee,OpenPlain,System,2022/08/23 5:52:55 PM,12,4,0,846
12345,DefaultTrainee,OpenPlain,System,2022/08/23 5:59:27 PM,14,0,0,594
12345,DefaultTrainee,OpenPlain,System,2022/08/23 6:08:51 PM,0,0,0,699
12345,DefaultTrainee,OpenPlain,System,2022/08/24 11:35:39 AM,7,0,0,992
12345,DefaultTrainee,OpenPlain,System,2022/08/26 11:04:49 PM,0,5,22,22
12345,DefaultTrainee,OpenPlain,System,2022/08/26 11:07:29 PM,0,5,21,23
12345,DefaultTrainee,OpenPlain,System,2022/08/26 11:11:46 PM,3,6,13,44
12345,DefaultTrainee,OpenPlain,System,2022/08/29 12:36:32 PM,2,0,0,31
12345,DefaultTrainee,OpenPlain,System,2022/08/29 12:46:00 PM,2,0,0,19
12345,DefaultTrainee,OpenPlain,System,2022/08/29 12:52:46 PM,0,0,0,16
12345,DefaultTrainee,OpenPlain,System,2022/08/29 1:28:22 PM,0,0,0,2
12345,DefaultTrainee,OpenPlain,System,2022/08/30 11:04:40 AM,0,0,0,6
12345,DefaultTrainee,OpenPlain,System,2022/08/30 11:06:06 AM,2,4,18,22
12345,DefaultTrainee,OpenPlain,System,2022/08/30 11:08:55 AM,0,0,0,2
12345,DefaultTrainee,OpenPlain,System,2022/08/30 2:33:21 PM,0,4,44,9
12345,DefaultTrainee,OpenPlain,System,2022/08/30 2:46:45 PM,1,2,16,12
12345,DefaultTrainee,Indoor_restaurant,System,2022/08/30 2:47:15 PM,0,0,0,14
12345,DefaultTrainee,OpenPlain,System,2022/08/30 2:56:50 PM,0,3,42,7
12345,DefaultTrainee,OpenPlain,System,2022/08/30 2:57:29 PM,0,0,0,1
12345,DefaultTrainee,OpenPlain,System,2022/08/30 3:24:07 PM,0,0,0,1
12345,DefaultTrainee,OpenPlain,System,2022/08/30 3:24:37 PM,0,0,0,1
12345,DefaultTrainee,Underground_parking,System,2022/08/30 3:27:27 PM,0,0,0,4
,,OpenPlain,System,2022/10/18 1:17:34 PM,0,0,0,4
,,bottleShooting,System,2022/10/19 2:52:05 PM,0,0,0,1
,,Mall,System,2023/01/23 9:51:56 AM,0,3,0,8
,,Mall,System,2023/01/23 9:51:58 AM,0,3,0,8
,,Mall,System,2023/01/23 9:53:44 AM,0,0,0,4
,,Mall,System,2023/01/23 9:54:17 AM,0,3,0,13
,,Indoor_range_2Targets,System,2023/01/23 9:55:40 AM,0,0,0,7
,,Indoor_range_2Targets,System,2023/01/23 9:55:47 AM,0,0,0,7
,,Indoor_range_2Targets,System,2023/01/23 9:57:25 AM,0,0,0,13
,,Indoor_range_2Targets,System,2023/01/23 10:00:32 AM,0,0,0,1
,,Indoor_range_2Targets,System,2023/01/23 10:00:33 AM,0,0,0,1
,,Indoor_range_2Targets,System,2023/01/23 10:00:49 AM,0,0,0,12
,,Indoor_range_2Targets,System,2023/01/23 10:04:56 AM,0,0,0,3
,,OpenPlain,System,2023/01/23 10:07:34 AM,0,2,0,7
,,OpenPlain,System,2023/01/23 10:07:37 AM,0,2,0,7
,,OpenPlain,System,2023/01/23 10:14:06 AM,0,0,0,1
,,Indoor_range_3Targets,System,2023/01/23 10:27:36 AM,0,0,0,3
,,Indoor_range_3Targets,System,2023/01/23 10:34:09 AM,0,0,0,9
,,Indoor_range_3Targets,System,2023/01/23 10:58:07 AM,0,0,0,3
,,Indoor_range_3Targets,System,2023/01/23 11:02:50 AM,0,0,0,4
,,Indoor_range_3Targets,System,2023/01/23 11:02:59 AM,0,0,0,8
,,Indoor_range_3Targets,System,2023/01/23 11:05:49 AM,0,0,0,3
,,Indoor_range_3Targets,System,2023/01/23 11:11:24 AM,0,0,0,3
,,Indoor_range_3Targets,System,2023/01/23 11:18:18 AM,0,0,0,3
,,Indoor_range_3Targets,System,2023/01/23 11:18:20 AM,0,0,0,3
,,Mall,System,2023/01/23 11:20:12 AM,0,0,0,1
,,Mall,System,2023/01/23 11:20:19 AM,0,0,0,4
,,Mall,System,2023/01/23 11:21:53 AM,0,0,0,1
,,Mall,System,2023/01/23 11:21:59 AM,0,0,0,1
,,Indoor_range_3Targets,System,2023/01/23 11:26:03 AM,0,0,0,6
,,Indoor_range_3Targets,System,2023/01/23 11:28:23 AM,0,0,0,4
,,Indoor_range_3Targets,System,2023/01/23 11:28:24 AM,0,0,0,4
,,Indoor_range_3Targets,System,2023/01/23 11:28:25 AM,0,0,0,4
,,Indoor_range_3Targets,System,2023/01/23 11:35:22 AM,0,0,0,3
,,Indoor_range_3Targets,System,2023/01/23 11:41:30 AM,0,0,0,3
,,Indoor_range_3Targets,System,2023/01/23 11:42:33 AM,0,0,0,4
,,Indoor_range_3Targets,System,2023/01/23 11:44:10 AM,0,0,0,3
,,Indoor_range_3Targets,System,2023/01/23 12:09:22 PM,0,0,0,3
,,Indoor_range_3Targets,System,2023/01/23 1:13:58 PM,0,0,0,3
,,Indoor_range_3Targets,System,2023/01/23 1:18:34 PM,0,0,0,3
,,Indoor_range_2Targets,System,2023/01/23 1:26:44 PM,0,0,0,2
,,Indoor_range_2Targets,System,2023/01/23 1:37:41 PM,0,0,0,2
,15:Nhlanhla,Indoor_range_2Targets, ,2023/01/23 4:11:03 PM,0,0,0,4
,15:Nhlanhla,Mall,mabasanhlanhla192@gmail.com,2023/01/23 4:36:15 PM,0,0,0,3
,15:Nhlanhla,Mall,mabasanhlanhla192@gmail.com,2023/01/23 4:42:45 PM,0,0,0,5
,15:Nhlanhla,Mall,mabasanhlanhla192@gmail.com,2023/01/23 4:42:48 PM,0,0,0,5
,,Mall, ,2023/01/24 9:00:47 AM,0,0,0,3
,,Mall, ,2023/01/24 9:01:14 AM,0,6,0,16
,,Mall,admin,2023/02/07 3:07:51 PM,0,3,0,7
,,BasicFallingPlat, ,2023/02/23 10:18:23 AM,0,0,0,46
,,BasicFallingPlat, ,2023/03/06 1:52:28 PM,0,0,0,2
,,BasicFallingPlat, ,2023/03/08 10:39:10 AM,0,0,0,3
,,BasicFallingPlat, ,2023/03/08 10:39:14 AM,0,0,0,4
,,BasicFallingPlat, ,2023/03/08 10:39:43 AM,0,0,0,4
,,BasicFallingPlat, ,2023/04/17 12:27:30 PM,0,0,0,452
,,BasicFallingPlat, ,2023/04/17 12:36:58 PM,0,0,0,42
,,Mall, ,2023/04/25 9:06:52 AM,0,0,0,1
,,Mall, ,2023/04/25 9:16:24 AM,0,0,0,1
,,CalibrationTest, ,2023/06/19 3:23:22 PM,0,0,0,259
,,Mall, ,2023/07/05 10:48:20 AM,8,2,0,577
,,Mall,admin,2023/07/10 11:55:58 AM,2,0,0,23
,,Mall,admin,2023/07/10 12:19:12 PM,0,0,0,1
,,Mall,admin,2023/07/10 12:21:02 PM,1,7,0,28
,,Mall,nhlanhla.mabasa@imagistix.co.za,2023/08/08 12:17:12 PM,2,6,0,50
,,Mall,nhlanhla.mabasa@imagistix.co.za,2023/08/08 12:17:15 PM,2,6,0,50
,,OpenPlain,admin,2023/08/14 11:58:07 AM,0,0,0,6
,,OpenPlain,admin,2023/08/14 11:59:49 AM,0,0,0,2
,,OpenPlain,admin,2023/08/14 11:59:53 AM,0,0,0,5
,,OpenPlain,admin,2023/08/14 11:59:54 AM,0,0,0,5
,,OpenPlain,admin,2023/08/14 12:02:30 PM,0,0,0,5
,,Mall,huntex@gmail.com,2023/08/14 12:04:00 PM,0,0,0,7
1234,,Mall,huntex@gmail.com,2023/08/14 12:04:35 PM,0,0,0,8
,,Mall,huntex@gmail.com,2023/08/14 12:12:08 PM,0,0,0,4
,,Mall,huntex@gmail.com,2023/08/14 12:14:28 PM,0,0,0,4
,,Mall,huntex@gmail.com,2023/08/14 12:23:33 PM,0,0,0,4
,,Mall,admin,2023/08/14 12:33:09 PM,0,0,0,3
,,Mall,admin,2023/08/14 12:35:08 PM,0,0,0,4
,,Mall,admin,2023/08/14 12:36:05 PM,0,0,0,1
1234,default,Mall,admin,2023/08/14 12:40:56 PM,0,0,0,1
,default,Mall,huntex@gmail.com,2023/08/14 12:51:38 PM,0,0,0,4
,default,Mall,huntex@gmail.com,2023/08/14 12:58:30 PM,0,0,0,3
1234,default,Mall,admin,2023/08/14 1:02:22 PM,0,0,0,3
1234,default,Mall,admin,2023/08/14 1:02:28 PM,0,0,0,5
1234,default,Mall,admin,2023-08-14 13:06:17,0,0,0,4
1234,default,Mall,admin,2023-08-14 13:43:07,0,0,0,2
1234,default,Indoor_range_3Targets,admin,2023-08-14 14:10:28, , 
1234,default,Indoor_range_3Targets,admin,2023-08-14 14:18:00, , 
1234,default,Indoor_range_3Targets,admin,2023-08-14 14:42:21, 
1234,default,Indoor_range_3Targets,admin,2023-08-14 14:43:47, 
1234,default,Indoor_range_3Targets,admin,2023-08-14 14:46:16, 
1234,default,BasicFallingPlat,admin,2023-08-14 15:00:24, 
1234,default,BasicFallingPlat,admin,2023-08-14 15:28:27, 
1234,default,BasicFallingPlat,admin,2023-08-14 15:30:43, 
1234,default,BasicFallingPlat,admin,2023-08-14 15:33:25, 
1234,default,BasicFallingPlat,admin,2023-08-14 15:54:31, 
,default,Mall,admin,2023-08-15 12:02:32,0,0,0,10
,default,BasicRifflePoleShooting,huntex@gmail.com,2023-08-16 12:28:57, 
,default,BasicRifflePoleShooting,huntex@gmail.com,2023-08-16 13:02:55, 
,default,BasicRifflePoleShooting,huntex@gmail.com,2023-08-16 13:10:57, 
,default,BasicFallingPlat,admin,2023-08-16 16:31:11, 
,5:Arsene Mpiana,BasicFallingPlat,huntex@gmail.com,2023-08-17 10:27:43, 
,default,BasicFallingPlat,admin,2023-08-22 11:27:44, 
,default,BasicFallingPlat,admin,2023-08-22 14:33:33, 
,default,BasicFallingPlat,admin,2023-08-22 14:56:15, 
,default,BasicFallingPlat,admin,2023-08-22 15:17:50, 
1,default,BasicFallingPlat,c.range,2023-11-30 08:43:53, 
1234,default,BasicIPECBoard,admin,2023-12-03 20:21:45, 
1234,default,BasicIPECBoard,admin,2023-12-03 20:28:52, 
1234,default,BasicIPECBoard,admin,2023-12-03 20:31:40, 
1234,default,BasicIPECBoard,admin,2023-12-03 20:31:59, 
1234,default,BasicIPECBoard,admin,2023-12-03 20:33:14, 
1234,default,BasicIPECBoard,admin,2023-12-03 20:36:14, 
1234,default,BasicIPECBoard,admin,2023-12-03 20:46:27, 
1234,default,BasicIPECBoard,admin,2023-12-03 20:47:03, 
1234,default,BasicIPECBoard,admin,2023-12-03 20:47:17, 
1234,default,BasicIPECBoard,admin,2023-12-03 21:01:54, 
1234,default,BasicIPECBoard,admin,2023-12-03 21:02:39, 
1234,default,BasicIPECBoard,admin,2023-12-03 21:02:57, 
1234,default,BasicFallingPlat,admin,2023-12-03 21:04:17, 
1234,default,BasicFallingPlat,admin,2023-12-03 21:14:55, 
1,default,BasicFallingPlat,c.range,2023-12-03 21:54:05, 
1234,default,BasicFallingPlat,admin,2023-12-03 22:00:10, 
1,default,BasicFallingPlat,c.range,2023-12-03 22:51:22, 
1,default,BasicFallingPlat,c.range,2023-12-03 22:51:35, 
1234,default,BasicIPECBoard,admin,2023-12-04 12:36:45, 
1234,default,BasicIPECBoard,admin,2023-12-04 12:42:45, 
1234,default,BasicIPECBoard,admin,2023-12-04 12:42:56, 
1234,default,BasicFallingPlat,admin,2023-12-04 12:46:30, 
1234,default,BasicDuelingTree,admin,2023-12-04 12:52:03, 
1234,default,BasicDuelingTree,admin,2023-12-04 12:52:35, 
1234,default,BasicDuelingTree,admin,2023-12-04 12:52:50, 
1234,default,BasicFallingPlat,admin,2023-12-17 23:16:01, 
1234,default,BasicFallingPlat,admin,2023-12-18 23:48:30, 
1234,default,BasicFallingPlat,admin,2023-12-18 23:48:34, 
1234,default,BasicIPECBoard,admin,2023-12-19 01:44:53, 
1234,default,BasicFallingPlat,admin,2023-12-19 01:47:52, 
1234,default,BasicFallingPlat,admin,2023-12-19 01:54:51, 
1234,default,BasicIPECBoard,admin,2023-12-19 02:07:44, 
1234,default,BasicTargetPopUpSimple,admin,2023-12-19 10:17:43, 
1234,default,BasicIPECBoard,admin,2024-02-08 20:23:01, 
1,default,BasicIPECBoard,admin,2024-02-08 20:24:59, 
1,default,BasicIPECBoard,admin,2024-02-08 20:44:34, 
1,default,BasicTargetPopUpOneHand,admin,2024-02-08 20:48:13, 
1234,default,BasicTargetPopUpFreeShoot,admin,2024-02-08 21:05:59, 
1234,default,BasicTargetPopUpFreeShoot,admin,2024-02-08 21:06:17, 
1,default,BasicTargetPopUpOneHand,admin,2024-02-08 21:06:43, 
1,default,BasicTargetPopUpOneHand,admin,2024-02-08 21:07:01, 
1,default,BasicTargetPopUpOneHand,admin,2024-02-08 21:07:35, 
1234,default,BasicFallingPlat,admin,2024-02-08 21:08:31, 
1234,default,BasicFallingPlat,admin,2024-02-08 21:13:37, 
1234,default,BasicFallingPlat,admin,2024-02-08 21:13:53, 
1234,default,BasicFallingPlat,admin,2024-02-08 21:14:33, 
1234,default,BasicFallingPlat,admin,2024-02-08 21:15:05, 
1,default,BasicFallingPlat,admin,2024-02-08 21:15:37, 
1234,default,BasicFallingPlat,admin,2024-02-08 21:20:00, 
1234,default,BasicFallingPlat,admin,2024-02-08 21:20:40, 
1234,default,BasicFallingPlat,admin,2024-02-08 21:21:47, 
1234,default,BasicFallingPlat,admin,2024-02-08 21:26:59, 
1234,default,BasicFallingPlat,admin,2024-02-08 21:28:44, 
1234,default,BasicFallingPlat,admin,2024-02-08 21:31:04, 
1234,default,BasicFallingPlat,admin,2024-02-08 21:31:54, 
1,default,BasicFallingPlat,admin,2024-02-08 21:32:52, 
1,default,BasicFallingPlat,admin,2024-02-08 21:33:17, 
1234,default,BasicFallingPlat,admin,2024-02-08 21:34:00, 
1234,default,BasicFallingPlat,admin,2024-02-08 21:34:29, 
1,default,BasicTargetPopUpFreeShoot,admin,2024-02-08 21:34:52, 
1234,default,BasicTargetPopUpFreeShoot,admin,2024-02-08 21:39:20, 
1234,default,BasicTargetPopUpFreeShoot,admin,2024-02-08 21:40:55, 
1234,default,BasicTargetPopUpFreeShoot,admin,2024-02-08 21:41:54, 
1234,default,BasicTargetPopUpFreeShoot,admin,2024-02-08 21:43:26, 
1234,default,BasicTargetPopUpFreeShoot,admin,2024-02-08 21:44:25, 
1234,default,BasicTargetPopUpFreeShoot,admin,2024-02-08 22:00:49, 
1234,default,BasicTargetPopUpFreeShoot,admin,2024-02-08 22:01:42, 
1234,default,BasicTargetPopUpFreeShoot,admin,2024-02-08 22:02:03, 
1,default,BasicTargetPopUpOneHand,admin,2024-02-08 22:02:35, 
1234,default,BasicFallingPlat,admin,2024-02-09 09:15:37, 
1234,default,BasicFallingPlat,admin,2024-02-09 09:24:48, 
1234,default,BasicFallingPlat,admin,2024-02-09 09:26:13, 
1234,default,BasicFallingPlat,admin,2024-02-09 09:27:28, 
1234,default,BasicFallingPlat,admin,2024-02-09 09:44:03, 
1234,default,BasicFallingPlat,admin,2024-02-09 09:44:53, 
1234,default,BasicFallingPlat,admin,2024-02-09 09:45:07, 
1234,default,BasicFallingPlat,admin,2024-02-09 10:01:38, 
1234,default,BasicFallingPlat,admin,2024-02-09 10:01:56, 
1234,default,BasicFallingPlat,admin,2024-02-09 10:04:58, 
1234,default,BasicFallingPlat,admin,2024-02-09 10:06:12, 
1234,default,BasicFallingPlat,admin,2024-02-09 10:16:18, 
1234,default,BasicFallingPlat,admin,2024-02-09 10:16:36, 
1234,default,BasicFallingPlat,admin,2024-02-09 10:24:52, 
1234,default,BasicTargetPopUpFreeShoot,admin,2024-02-09 10:29:19, 
1,default,Outdoor_Hunting,admin,2024-02-13 07:47:31,0,0,0,10
1234,default,Outdoor_Hunting,admin,2024-02-14 09:38:42,0,0,0,10
1234,default,BasicFallingPlat,admin,2024-02-14 09:57:51, 
1234,default,BasicFallingPlat,admin,2024-02-14 09:59:22, 
1234,default,BasicFallingPlat,admin,2024-02-14 09:59:35, 
1234,default,BasicFallingPlat,admin,2024-02-14 10:01:01, 
1234,default,BasicFallingPlat,admin,2024-02-14 10:01:30, 
1234,default,BasicFallingPlat,admin,2024-02-14 10:01:37, 
1234,default,BasicIPECBoard,admin,2024-02-14 10:25:38, 
1234,default,BasicIPECBoard,admin,2024-02-14 10:26:00, 
1234,default,BasicIPECBoard,admin,2024-02-14 10:31:34, 
1234,default,BasicIPECBoard,admin,2024-02-14 10:32:35, 
1234,default,BasicIPECBoard,admin,2024-02-14 10:33:19, 
1234,default,BasicIPECBoard,admin,2024-02-14 10:35:49, 
1234,default,BasicIPECBoard,admin,2024-02-14 10:37:10, 
1234,default,BasicIPECBoard,admin,2024-02-14 10:39:09, 
1234,default,BasicIPECBoard,admin,2024-02-14 10:41:41, 
1234,default,BasicIPECBoard,admin,2024-02-14 10:42:44, 
1234,default,BasicIPECBoard,admin,2024-02-14 10:43:50, 
1,default,BasicIPECBoard,admin,2024-02-15 00:02:44, 
1,default,BasicIPECBoard,admin,2024-02-15 00:03:01, 
1,default,BasicIPECBoard,admin,2024-02-15 00:03:44, 
1,default,BasicFallingPlat,admin,2024-02-15 00:09:08, 
1234,default,BasicFallingPlat,admin,2024-02-15 00:10:47, 
1234,default,BasicFallingPlat,admin,2024-02-15 00:10:57, 
1,default,BasicFallingPlat,admin,2024-02-15 00:12:02, 
1,default,BasicFallingPlat,admin,2024-02-15 00:12:38, 
1,default,BasicIPECBoard,admin,2024-02-16 00:13:17, 
1,default,BasicIPECBoard,admin,2024-02-16 00:13:33, 
1,default,BasicIPECBoard,admin,2024-02-16 00:13:45, 
1,default,BasicIPECBoard,admin,2024-02-16 00:14:13, 
1,default,BasicTargetPopUpFreeShoot,admin,2024-02-16 00:14:56, 
1,default,Ground_Avoid_Hunting,admin,2024-02-16 00:50:01,0,0,0,40
1,default,Ground_Avoid_Hunting,admin,2024-02-16 00:50:34,0,0,0,16
1,default,BasicIPECBoard,admin,2024-02-20 20:12:35, 
1,default,BasicTargetPopUpFreeShoot,admin,2024-02-20 20:14:30, 
1,default,BasicTargetPopUpFreeShoot,admin,2024-02-20 20:14:51, 
1,default,BasicTargetPopUpFreeShoot,admin,2024-02-27 23:44:01, 
1,default,BasicTargetPopUpSimple,admin,2024-02-27 23:44:57, 
1,default,BasicFallingPlat,admin,2024-02-28 01:19:46, 
1,default,BasicIPECBoard,admin,2024-02-28 01:20:12, 
1,default,BasicIPECBoard,admin,2024-02-28 01:20:35, 
1,default,BasicIPECBoard,admin,2024-02-28 01:20:48, 
1,default,BasicIPECBoard,admin,2024-02-28 01:22:33, 
1,default,BasicIPECBoard,admin,2024-02-28 01:23:00, 
1234,default,BasicFallingPlat,admin,2024-02-29 22:34:40, 
1234,default,BasicFallingPlat,admin,2024-02-29 22:34:52, 
1234,default,BasicCyclic1ShooterTarget,admin,2024-02-29 22:35:20, 
1234,default,BasicCyclic1ShooterTarget,admin,2024-02-29 22:35:32, 
1234,default,BasicCyclic1ShooterTarget,admin,2024-02-29 22:35:46, 
1234,default,BasicCyclic1ShooterTarget,admin,2024-02-29 22:49:14, 
1234,default,BasicCyclic1ShooterTarget,admin,2024-02-29 23:42:44, 
1234,default,BasicCyclic1ShooterTarget,admin,2024-02-29 23:42:59, 
1234,default,BasicCyclic1ShooterTarget,admin,2024-03-01 14:58:39, 
1234,default,BasicCyclic1ShooterTarget,admin,2024-03-01 14:58:49, 
1234,default,BasicCyclic1ShooterTarget,admin,2024-03-01 15:18:14, 
1234,default,BasicCyclic1ShooterTarget,admin,2024-03-01 15:18:23, 
1234,default,BasicCyclic1LaneShoot,admin,2024-03-01 17:25:48, 
1234,default,BasicCyclic1LaneShoot,admin,2024-03-01 17:26:38, 
1234,default,BasicCyclic1LaneShoot,admin,2024-03-01 17:31:47, 
1234,default,BasicCyclic1LaneShoot,admin,2024-03-01 17:44:12, 
1234,default,BasicCyclic1LaneShoot,admin,2024-03-01 17:44:20, 
1234,default,BasicCyclic1LaneShoot,admin,2024-03-01 17:57:33, 
1234,default,BasicCyclic1LaneShoot,admin,2024-03-01 17:59:50, 
1234,default,BasicCyclic1LaneShoot,admin,2024-03-01 18:15:49, 
1234,default,BasicCyclic1LaneShoot,admin,2024-03-01 18:15:58, 
1234,default,BasicCyclic1LaneShoot,admin,2024-03-01 18:34:05, 
1234,default,BasicCyclic1LaneShoot,admin,2024-03-01 18:35:03, 
1234,default,BasicCyclic3LaneShoot,admin,2024-03-01 23:29:25, 
1,default,BasicCyclic1LaneShoot,admin,2024-03-02 19:38:03, 
1,default,BasicCyclic1LaneShoot,admin,2024-03-02 19:39:29, 
1,default,BasicCyclic1LaneShoot,admin,2024-03-02 19:40:39, 
1,default,BasicCyclic1LaneShoot,admin,2024-03-02 19:40:44, 
1,default,BasicCyclic1LaneShoot,admin,2024-03-02 19:42:15, 
1,default,BasicCyclic1LaneShoot,admin,2024-03-02 19:42:48, 
1,default,BasicCyclic1LaneShoot,admin,2024-03-02 19:43:17, 
1,default,BasicCyclic3LaneShoot,admin,2024-03-02 19:44:49, 
1,default,BasicCyclic3LaneShoot,admin,2024-03-02 19:45:54, 
1,default,BasicCyclic1LaneShoot,admin,2024-03-03 22:49:45, 
1,default,BasicCyclic1LaneShoot,admin,2024-03-03 22:50:04, 
1,default,BasicCyclic1LaneShoot,admin,2024-03-03 22:50:17, 
1,default,BasicCyclic1LaneShoot,admin,2024-03-03 22:50:27, 
1,default,BasicCyclic1LaneShoot,admin,2024-03-03 22:50:37, 
1234,default,BasicBaloon1LaneShoot,admin,2024-03-06 22:31:52, 
1234,default,BasicBaloon1LaneShoot,admin,2024-03-06 22:33:09, 
1234,default,BasicBaloon1LaneShoot,admin,2024-03-06 22:39:09, 
1234,default,BasicBaloon1LaneShoot,admin,2024-03-06 22:39:25, 
1234,default,BasicFallingPlat,admin,2024-03-08 15:00:40, 
1234,default,BasicFallingPlat,admin,2024-03-08 15:01:08, 
1234,default,BasicFallingPlat,admin,2024-03-08 15:01:17, 
1234,default,BasicFallingPlat,admin,2024-03-08 15:02:04, 
1,default,BasicFallingPlat,admin,2024-03-08 15:10:36, 
1,default,BasicFallingPlat,admin,2024-03-08 15:11:03, 
1,default,BasicBaloon2LaneShoot,admin,2024-03-08 15:12:29, 
1,default,BasicBaloon2LaneShoot,admin,2024-03-08 15:12:40, 
1,default,BasicBaloon2LaneShoot,admin,2024-03-08 15:12:40, 
1,default,BasicBaloon2LaneShoot,admin,2024-03-08 15:12:41, 
1,default,BasicBaloon2LaneShoot,admin,2024-03-08 15:12:41, 
1,default,BasicBaloon2LaneShoot,admin,2024-03-08 15:12:42, 
1,default,BasicBaloon2LaneShoot,admin,2024-03-08 15:12:43, 
1,default,BasicBaloon2LaneShoot,admin,2024-03-08 15:12:47, 
1,default,BasicBaloon2LaneShoot,admin,2024-03-08 15:12:51, 
1,default,BasicBaloon2LaneShoot,admin,2024-03-08 15:12:52, 
1,default,BasicBaloon2LaneShoot,admin,2024-03-08 15:13:08, 
1,default,BasicBaloon2LaneShoot,admin,2024-03-08 15:13:17, 
1,default,BasicBaloon2LaneShoot,admin,2024-03-08 15:13:39, 
1,default,BasicBaloon2LaneShoot,admin,2024-03-08 15:13:41, 
1,default,BasicBaloon2LaneShoot,admin,2024-03-08 15:13:42, 
1,default,BasicBaloon2LaneShoot,admin,2024-03-08 15:13:42, 
1,default,BasicBaloon2LaneShoot,admin,2024-03-08 15:13:43, 
1,default,BasicBaloon2LaneShoot,admin,2024-03-08 15:13:44, 
1,default,BasicBaloon2LaneShoot,admin,2024-03-08 15:13:47, 
1,default,BasicBaloon2LaneShoot,admin,2024-03-08 15:13:56, 
1,default,BasicBaloon2LaneShoot,admin,2024-03-08 15:13:56, 
1,default,BasicBaloon2LaneShoot,admin,2024-03-08 15:13:57, 
1,default,BasicBaloon2LaneShoot,admin,2024-03-08 15:13:58, 
1,default,BasicBaloon2LaneShoot,admin,2024-03-08 15:13:58, 
1,default,BasicBaloon2LaneShoot,admin,2024-03-08 15:13:59, 
1,default,BasicBaloon2LaneShoot,admin,2024-03-08 15:14:01, 
1,default,BasicBaloon2LaneShoot,admin,2024-03-08 15:14:01, 
1,default,BasicBaloon2LaneShoot,admin,2024-03-08 15:14:02, 
1,default,BasicBaloon2LaneShoot,admin,2024-03-08 15:14:02, 
1,default,BasicBaloon2LaneShoot,admin,2024-03-08 15:14:03, 
1,default,BasicBaloon2LaneShoot,admin,2024-03-08 15:14:03, 
1,default,BasicBaloon2LaneShoot,admin,2024-03-08 15:15:02, 
1,default,BasicBaloon2LaneShoot,admin,2024-03-08 15:15:08, 
1,default,BasicBaloon2LaneShoot,admin,2024-03-08 15:15:11, 
1,default,BasicBaloon1LaneShoot,admin,2024-03-08 15:24:00, 
1,default,BasicBaloon1LaneShoot,admin,2024-03-08 15:24:03, 
1,default,BasicBaloon1LaneShoot,admin,2024-03-08 15:24:04, 
1,default,BasicBaloon1LaneShoot,admin,2024-03-08 15:24:13, 
1,default,BasicBaloon1LaneShoot,admin,2024-03-08 15:24:24, 
1,default,BasicBaloon1LaneShoot,admin,2024-03-08 15:24:25, 
1,default,BasicBaloon1LaneShoot,admin,2024-03-08 15:24:30, 
1,default,BasicBaloon1LaneShoot,admin,2024-03-08 15:24:32, 
1,default,BasicBaloon1LaneShoot,admin,2024-03-08 15:24:33, 
1,default,BasicBaloon1LaneShoot,admin,2024-03-08 15:24:33, 
1,default,BasicBaloon1LaneShoot,admin,2024-03-08 15:24:34, 
1,default,BasicBaloon1LaneShoot,admin,2024-03-08 15:24:38, 
1,default,BasicBaloon1LaneShoot,admin,2024-03-08 15:24:41, 
1,default,BasicBaloon1LaneShoot,admin,2024-03-08 15:24:41, 
1,default,BasicBaloon1LaneShoot,admin,2024-03-08 15:24:43, 
1,default,BasicBaloon1LaneShoot,admin,2024-03-08 15:24:43, 
1,default,BasicBaloon1LaneShoot,admin,2024-03-08 15:24:44, 
1,default,BasicBaloon1LaneShoot,admin,2024-03-08 15:24:45, 
1,default,BasicBaloon1LaneShoot,admin,2024-03-08 15:24:46, 
1,default,BasicRisingPlate1LaneShoot,admin,2024-03-08 15:25:45, 
1,default,BasicRisingPlate1LaneShoot,admin,2024-03-08 15:25:50, 
1,default,BasicRisingPlate1LaneShoot,admin,2024-03-08 15:25:51, 
1,default,BasicRisingPlate1LaneShoot,admin,2024-03-08 15:25:52, 
1,default,BasicRisingPlate1LaneShoot,admin,2024-03-08 15:25:52, 
1,default,BasicRisingPlate1LaneShoot,admin,2024-03-08 15:25:54, 
1,default,BasicRisingPlate1LaneShoot,admin,2024-03-08 15:25:55, 
1234,default,BasicCIBaloon2LaneShoot,admin,2024-03-08 16:07:22, 
1,default,BasicOWCIBaloon2LaneShoot,admin,2024-03-08 20:36:41, 
1,default,BasicOWCIBaloon1LaneShoot,admin,2024-03-08 20:37:19, 
1,default,BasicWCIBaloon2LaneShoot,admin,2024-03-08 22:01:34, 
1,default,BasicWCIBaloon2LaneShoot,admin,2024-03-08 22:01:36, 
1,default,BasicWCIBaloon2LaneShoot,admin,2024-03-08 22:01:37, 
1,default,BasicWCIBaloon2LaneShoot,admin,2024-03-08 22:01:39, 
1,default,BasicWCIBaloon2LaneShoot,admin,2024-03-08 22:01:40, 
1,default,BasicWCIBaloon2LaneShoot,admin,2024-03-08 22:01:44, 
1,default,BasicWCIBaloon2LaneShoot,admin,2024-03-08 22:01:45, 
1,default,BasicWCIBaloon2LaneShoot,admin,2024-03-08 22:01:47, 
1,default,BasicWCIBaloon2LaneShoot,admin,2024-03-08 22:01:50, 
1,default,BasicWCIBaloon2LaneShoot,admin,2024-03-08 22:01:51, 
1,default,BasicWCIBaloon2LaneShoot,admin,2024-03-08 22:01:52, 
1,default,BasicWCIBaloon2LaneShoot,admin,2024-03-08 22:01:53, 
1,default,BasicWCIBaloon2LaneShoot,admin,2024-03-08 22:01:54, 
1,default,BasicWCIBaloon2LaneShoot,admin,2024-03-08 22:01:55, 
1,default,BasicWCIBaloon2LaneShoot,admin,2024-03-08 22:01:55, 
1,default,BasicWCIBaloon2LaneShoot,admin,2024-03-08 22:01:56, 
1,default,BasicWCIBaloon2LaneShoot,admin,2024-03-08 22:01:57, 
1,default,BasicWCIBaloon2LaneShoot,admin,2024-03-08 22:01:57, 
1,default,BasicWCIBaloon2LaneShoot,admin,2024-03-08 22:01:58, 
1,default,BasicWCIBaloon2LaneShoot,admin,2024-03-08 22:01:59, 
1,default,BasicWCIBaloon2LaneShoot,admin,2024-03-08 22:02:00, 
1,default,BasicWCIBaloon2LaneShoot,admin,2024-03-08 22:02:03, 
1,default,BasicWCIBaloon2LaneShoot,admin,2024-03-08 22:02:04, 
1,default,BasicWCIBaloon2LaneShoot,admin,2024-03-08 22:02:05, 
1,default,BasicWCIBaloon2LaneShoot,admin,2024-03-08 22:02:06, 
1,default,BasicWCIBaloon2LaneShoot,admin,2024-03-08 22:02:07, 
1,default,BasicWCIBaloon2LaneShoot,admin,2024-03-08 22:02:07, 
1,default,BasicWCIBaloon1LaneShoot,admin,2024-03-08 23:19:36, 
1,default,BasicWCIBaloon1LaneShoot,admin,2024-03-08 23:19:54, 
1,default,BasicCIBaloon1LaneShoot,admin,2024-03-08 23:21:20, 
1,default,BasicCIBaloon1LaneShoot,admin,2024-03-08 23:22:41, 
1,default,BasicCIBaloon1LaneShoot,admin,2024-03-08 23:23:09, 
1,default,BasicCIBaloon1LaneShoot,admin,2024-03-08 23:23:37, 
1,default,BasicCIBaloon1LaneShoot,admin,2024-03-08 23:23:40, 
1,default,BasicCIBaloon1LaneShoot,admin,2024-03-08 23:23:41, 
1,default,BasicCIBaloon1LaneShoot,admin,2024-03-08 23:23:41, 
1,default,BasicCIBaloon1LaneShoot,admin,2024-03-08 23:23:42, 
1,default,BasicCIBaloon1LaneShoot,admin,2024-03-08 23:23:46, 
1,default,BasicCIBaloon1LaneShoot,admin,2024-03-08 23:23:47, 
1,default,BasicCIBaloon1LaneShoot,admin,2024-03-08 23:23:48, 
1,default,BasicCIBaloon1LaneShoot,admin,2024-03-08 23:23:49, 
1,default,BasicCIBaloon1LaneShoot,admin,2024-03-08 23:23:51, 
1,default,BasicCIBaloon1LaneShoot,admin,2024-03-08 23:23:52, 
1,default,BasicCIBaloon1LaneShoot,admin,2024-03-08 23:23:53, 
1,default,BasicCIBaloon1LaneShoot,admin,2024-03-08 23:24:02, 
1,default,BasicCIBaloon1LaneShoot,admin,2024-03-08 23:24:03, 
1,default,BasicCIBaloon1LaneShoot,admin,2024-03-08 23:24:06, 
1,default,BasicCIBaloon1LaneShoot,admin,2024-03-08 23:24:07, 
1,default,BasicCIBaloon1LaneShoot,admin,2024-03-08 23:24:09, 
1,default,BasicCIBaloon1LaneShoot,admin,2024-03-08 23:24:10, 
1,default,BasicCIBaloon1LaneShoot,admin,2024-03-08 23:24:11, 
1,default,BasicCIBaloon1LaneShoot,admin,2024-03-08 23:25:50, 
1,default,BasicCIBaloon1LaneShoot,admin,2024-03-08 23:31:11, 
1,default,BasicCIBaloon1LaneShoot,admin,2024-03-08 23:31:15, 
1,default,BasicCIBaloon1LaneShoot,admin,2024-03-08 23:31:17, 
1,default,BasicCIBaloon1LaneShoot,admin,2024-03-08 23:31:21, 
1,default,BasicCIBaloon1LaneShoot,admin,2024-03-08 23:31:23, 
1,default,BasicCIBaloon1LaneShoot,admin,2024-03-08 23:31:25, 
1,default,BasicCIBaloon1LaneShoot,admin,2024-03-08 23:32:55, 
1,default,BasicCIBaloon1LaneShoot,admin,2024-03-08 23:32:57, 
1,default,BasicCIBaloon1LaneShoot,admin,2024-03-08 23:32:57, 
1,default,BasicCIBaloon1LaneShoot,admin,2024-03-08 23:32:58, 
1,default,BasicCIBaloon1LaneShoot,admin,2024-03-08 23:32:58, 
1,default,BasicCIBaloon1LaneShoot,admin,2024-03-08 23:32:59, 
1,default,BasicCIBaloon1LaneShoot,admin,2024-03-08 23:33:00, 
1,default,BasicCIBaloon1LaneShoot,admin,2024-03-08 23:33:45, 
1,default,BasicCIBaloon1LaneShoot,admin,2024-03-08 23:33:46, 
1,default,BasicCIBaloon1LaneShoot,admin,2024-03-08 23:33:47, 
1,default,BasicCIBaloon1LaneShoot,admin,2024-03-08 23:33:48, 
1,default,BasicCIBaloon1LaneShoot,admin,2024-03-08 23:33:49, 
1,default,BasicWCIBaloon1LaneShoot,admin,2024-03-08 23:46:56, 
1,default,BasicWCIBaloon1LaneShoot,admin,2024-03-08 23:46:59, 
1,default,BasicWCIBaloon1LaneShoot,admin,2024-03-08 23:46:59, 
1,default,BasicWCIBaloon1LaneShoot,admin,2024-03-08 23:47:00, 
1,default,BasicWCIBaloon1LaneShoot,admin,2024-03-08 23:47:01, 
1,default,BasicWCIBaloon1LaneShoot,admin,2024-03-08 23:47:02, 
1,default,BasicWCIBaloon1LaneShoot,admin,2024-03-08 23:47:03, 
1,default,BasicWCIBaloon1LaneShoot,admin,2024-03-08 23:47:04, 
1,default,BasicWCIBaloon1LaneShoot,admin,2024-03-08 23:47:05, 
1,default,BasicWCIBaloon1LaneShoot,admin,2024-03-08 23:47:06, 
1,default,BasicWCIBaloon1LaneShoot,admin,2024-03-08 23:47:07, 
1,default,BasicWCIBaloon1LaneShoot,admin,2024-03-08 23:47:07, 
1,default,BasicWCIBaloon1LaneShoot,admin,2024-03-08 23:47:08, 
1,default,BasicWCIBaloon1LaneShoot,admin,2024-03-08 23:47:09, 
1,default,BasicWCIBaloon1LaneShoot,admin,2024-03-08 23:47:10, 
1,default,BasicWCIBaloon1LaneShoot,admin,2024-03-08 23:47:11, 
1,default,BasicWCIBaloon1LaneShoot,admin,2024-03-08 23:47:12, 
1,default,BasicWCIBaloon1LaneShoot,admin,2024-03-08 23:47:19, 
1,default,BasicWCIBaloon1LaneShoot,admin,2024-03-08 23:47:21, 
1,default,BasicWCIBaloon1LaneShoot,admin,2024-03-08 23:47:22, 
1,default,BasicWCIBaloon1LaneShoot,admin,2024-03-08 23:47:23, 
1,default,BasicWCIBaloon1LaneShoot,admin,2024-03-08 23:47:24, 
1,default,BasicWCIBaloon1LaneShoot,admin,2024-03-08 23:47:24, 
1,default,BasicWCIBaloon1LaneShoot,admin,2024-03-08 23:47:25, 
1,default,BasicWCIBaloon1LaneShoot,admin,2024-03-08 23:47:26, 
1,default,BasicWCIBaloon1LaneShoot,admin,2024-03-08 23:47:26, 
1,default,BasicWCIBaloon1LaneShoot,admin,2024-03-08 23:47:27, 
1,default,BasicWCIBaloon1LaneShoot,admin,2024-03-08 23:47:28, 
1,default,BasicWCIBaloon1LaneShoot,admin,2024-03-08 23:47:29, 
1,default,BasicFallingPlat,admin,2024-03-08 23:50:01, 
1,default,BasicFallingPlat,admin,2024-03-08 23:50:05, 
1,default,BasicFallingPlat,admin,2024-03-08 23:50:06, 
1,default,BasicFallingPlat,admin,2024-03-08 23:50:06, 
1,default,BasicFallingPlat,admin,2024-03-08 23:50:27, 
1,default,BasicIPECBoard,admin,2024-03-08 23:50:58, 
1,default,BasicIPECBoard,admin,2024-03-08 23:51:14, 
1,default,BasicCyclic1LaneShoot,admin,2024-03-08 23:51:47, 
1,default,BasicRisingPlate1LaneShoot,admin,2024-03-08 23:52:24, 
1,default,BasicOWCIBaloon1LaneShoot,admin,2024-03-08 23:53:20, 
1,default,BasicOWCIBaloon1LaneShoot,admin,2024-03-08 23:53:23, 
1,default,BasicOWCIBaloon1LaneShoot,admin,2024-03-08 23:53:24, 
1,default,BasicOWCIBaloon1LaneShoot,admin,2024-03-08 23:53:25, 
1,default,BasicOWCIBaloon1LaneShoot,admin,2024-03-08 23:53:26, 
1,default,BasicOWCIBaloon1LaneShoot,admin,2024-03-08 23:53:27, 
1,default,BasicOWCIBaloon1LaneShoot,admin,2024-03-08 23:53:28, 
1,default,BasicOWCIBaloon1LaneShoot,admin,2024-03-08 23:53:31, 
1,default,BasicOWCIBaloon1LaneShoot,admin,2024-03-08 23:53:32, 
1,default,BasicOWCIBaloon1LaneShoot,admin,2024-03-08 23:53:33, 
1,default,BasicOWCIBaloon1LaneShoot,admin,2024-03-08 23:53:34, 
1,default,BasicOWCIBaloon1LaneShoot,admin,2024-03-08 23:53:35, 
1,default,BasicOWCIBaloon1LaneShoot,admin,2024-03-08 23:53:35, 
1,default,BasicOWCIBaloon1LaneShoot,admin,2024-03-08 23:53:36, 
1,default,BasicWCIBaloon1LaneShoot,admin,2024-03-09 00:03:14, 
1,default,BasicWCIBaloon1LaneShoot,admin,2024-03-09 00:03:17, 
1,default,BasicWCIBaloon1LaneShoot,admin,2024-03-09 00:03:17, 
1,default,BasicWCIBaloon1LaneShoot,admin,2024-03-09 00:03:19, 
1,default,BasicWCIBaloon1LaneShoot,admin,2024-03-09 00:03:19, 
1,default,BasicWCIBaloon1LaneShoot,admin,2024-03-09 00:03:21, 
1,default,BasicWCIBaloon1LaneShoot,admin,2024-03-09 00:03:25, 
1,default,BasicWCIBaloon1LaneShoot,admin,2024-03-09 00:03:31, 
1,default,BasicWCIBaloon1LaneShoot,admin,2024-03-09 00:03:34, 
1,default,BasicWCIBaloon1LaneShoot,admin,2024-03-09 00:04:05, 
1,default,BasicWCIBaloon1LaneShoot,admin,2024-03-09 00:04:36, 
1,default,BasicWCIBaloon2LaneShoot,admin,2024-03-09 00:05:59, 
1,default,BasicWCIBaloon2LaneShoot,admin,2024-03-09 00:06:02, 
1,default,BasicWCIBaloon2LaneShoot,admin,2024-03-09 00:06:02, 
1,default,BasicWCIBaloon2LaneShoot,admin,2024-03-09 00:06:05, 
1,default,BasicWCIBaloon2LaneShoot,admin,2024-03-09 00:06:06, 
1,default,BasicWCIBaloon2LaneShoot,admin,2024-03-09 00:06:19, 
1,default,BasicWCIBaloon2LaneShoot,admin,2024-03-09 00:06:25, 
1,default,BasicWCIBaloon2LaneShoot,admin,2024-03-09 00:06:28, 
1,default,BasicWCIBaloon2LaneShoot,admin,2024-03-09 00:06:32, 
1,default,BasicWCIBaloon2LaneShoot,admin,2024-03-09 00:06:33, 
1,default,BasicWCIBaloon1LaneShoot,admin,2024-03-09 00:18:49, 
1,default,BasicWCIBaloon2LaneShoot,admin,2024-03-09 00:31:10, 
1,default,BasicRisingPlate3LaneShoot,admin,2024-03-09 00:33:06, 
1,default,BasicRisingPlate3LaneShoot,admin,2024-03-09 00:33:27, 
1,default,BasicIPECBoard,admin,2024-03-09 00:39:23, 
1,default,BasicRisingPlate1LaneShoot,admin,2024-03-09 00:40:14, 
1,default,BasicRisingPlate1LaneShoot,admin,2024-03-09 00:40:28, 
1,default,BasicFallingPlat,admin,2024-03-09 01:18:34, 
1,default,BasicFallingPlat,admin,2024-03-09 01:25:57, 
1,default,BasicFallingPlat,admin,2024-03-09 01:26:30, 
1,default,BasicFallingPlat,admin,2024-03-09 01:26:52, 
1,default,BasicIPECBoard,admin,2024-03-09 01:28:45, 
1,default,BasicIPECBoard,admin,2024-03-09 01:33:44, 
1,default,BasicIPECBoard,admin,2024-03-09 01:40:29, 
1,default,BasicIPECBoard,admin,2024-03-09 01:41:10, 
1,default,BasicIPECBoard,admin,2024-03-09 01:43:40, 
1,default,BasicIPECBoard,admin,2024-03-09 01:45:56, 
1,default,BasicFallingPlat,admin,2024-03-09 01:49:48, 
1,default,BasicFallingPlat,admin,2024-03-09 01:50:06, 
1,default,BasicFallingPlat,admin,2024-03-09 01:53:23, 
1,default,BasicFallingPlat,admin,2024-03-09 01:53:35, 
1,default,BasicIPECBoard,admin,2024-03-09 01:57:07, 
1,default,BasicIPECBoard,admin,2024-03-09 01:58:29, 
1,default,BasicIPECBoard,admin,2024-03-09 01:58:46, 
1,default,BasicIPECBoard,admin,2024-03-09 02:01:36, 
1,default,BasicIPECBoard,admin,2024-03-09 02:01:55, 
1,default,BasicIPECBoard,admin,2024-03-09 02:03:20, 
1,default,BasicIPECBoard,admin,2024-03-09 02:04:20, 
1,default,BasicIPECBoard,admin,2024-03-09 02:04:40, 
1,default,BasicIPECBoard,admin,2024-03-09 02:09:08, 
1,default,BasicIPECBoard,admin,2024-03-09 02:09:38, 
1,default,BasicCyclic1LaneShoot,admin,2024-03-09 02:28:27, 
1,default,BasicCyclic1LaneShoot,admin,2024-03-09 02:28:59, 
1,default,BasicCyclic1LaneShoot,admin,2024-03-09 02:29:36, 
1,default,BasicFallingPlat,admin,2024-03-09 02:30:55, 
1,default,BasicIPECBoard,admin,2024-03-09 02:32:54, 
1,default,BasicIPECBoard,admin,2024-03-09 02:33:46, 
1,default,BasicFallingPlat,admin,2024-03-09 11:44:37, 
1,default,BasicFallingPlat,admin,2024-03-10 20:03:43, 
1,default,BasicFallingPlat,admin,2024-03-10 20:07:00, 
1,default,BasicFallingPlat,admin,2024-03-10 20:07:23, 
1,default,BasicFallingPlat,admin,2024-03-10 20:09:37, 
1,default,BasicFallingPlat,admin,2024-03-10 20:12:06, 
1,default,BasicFallingPlat,admin,2024-03-10 20:15:34, 
1,default,BasicFallingPlat,admin,2024-03-10 20:19:28, 
1,default,BasicFallingPlat,admin,2024-03-10 20:22:51, 
1,default,BasicFallingPlat,admin,2024-03-10 20:26:34, 
1,default,BasicFallingPlat,admin,2024-03-10 20:29:59, 
1,default,BasicFallingPlat,admin,2024-03-10 20:30:33, 
1,default,BasicCyclic2LaneShoot,admin,2024-03-10 23:00:57, 
1,default,BasicWCIBaloon2LaneShoot,admin,2024-03-11 15:28:07, 
1,default,BasicFallingPlat,admin,2024-03-15 21:02:02, 
1,default,BasicFallingPlat,admin,2024-03-15 21:02:15, 
1,default,BasicFallingPlat,admin,2024-03-15 21:02:54, 
1,default,BasicFallingPlat,admin,2024-03-15 21:03:11, 
1,default,BasicFallingPlat,admin,2024-03-15 21:06:54, 
1,default,BasicFallingPlat,admin,2024-03-15 21:07:17, 
1,default,BasicFallingPlat,admin,2024-03-15 21:07:29, 
1,default,BasicFallingPlat,admin,2024-03-15 21:08:32, 
1,default,BasicFallingPlat,admin,2024-03-15 21:30:21, 
1,default,BasicFallingPlat,admin,2024-03-15 21:30:52, 
1234,default,BasicCyclic1LaneShoot,admin,2024-03-15 21:42:26, 
1234,default,BasicCyclic1LaneShoot,admin,2024-03-15 21:42:39, 
1234,default,BasicCyclic3LaneShoot,admin,2024-03-15 21:56:04, 
1,default,BasicCyclic3LaneShoot,admin,2024-03-15 21:57:36, 
1,default,BasicCyclic3LaneShoot,admin,2024-03-15 21:58:34, 
1,default,BasicCyclic3LaneShoot,admin,2024-03-15 21:58:59, 
1,default,BasicCyclic3LaneShoot,admin,2024-03-15 22:01:48, 
1,default,BasicCyclic3LaneShoot,admin,2024-03-15 22:03:00, 
1234,default,Basic1RisingPlate1LaneShoot,admin,2024-03-15 22:15:41, 
1234,default,Basic2RisingPlate1LaneShoot,admin,2024-03-15 22:16:57, 
1234,default,Basic4RisingPlate2LaneShoot,admin,2024-03-16 08:33:13, 
1234,default,Basic2RisingPlate3LaneShoot,admin,2024-03-16 08:34:29, 
1234,default,Basic2RisingPlate3LaneShoot,admin,2024-03-16 08:35:50, 
1234,default,Basic2RisingPlate3LaneShoot,admin,2024-03-16 08:35:59, 
1234,default,Basic2RisingPlate3LaneShoot,admin,2024-03-16 08:36:10, 
1234,default,Basic2RisingPlate3LaneShoot,admin,2024-03-16 08:36:20, 
1234,default,Basic2RisingPlate3LaneShoot,admin,2024-03-16 08:36:32, 
1234,default,Basic2RisingPlate3LaneShoot,admin,2024-03-16 08:36:51, 
1234,default,Basic2RisingPlate3LaneShoot,admin,2024-03-16 08:37:03, 
1234,default,Basic2RisingPlate3LaneShoot,admin,2024-03-16 08:39:53, 
1,default,Basic1RisingPlate1LaneShoot,admin,2024-05-08 22:24:42, 
1,default,Basic1RisingPlate1LaneShoot,admin,2024-05-15 23:01:58, 
1,default,Basic1RisingPlate1LaneShoot,admin,2024-05-15 23:03:54, 
1,default,Basic1RisingPlate3LaneShoot,admin,2024-05-15 23:04:58, 
1,default,Basic1RisingPlate1LaneShoot,admin,2024-05-15 23:08:47, 
1,default,Basic1RisingPlate3LaneShoot,admin,2024-05-15 23:11:44, 
1,default,Basic1RisingPlate1LaneShoot,admin,2024-05-15 23:17:41, 
1,default,Basic1RisingPlate3LaneShoot,admin,2024-05-15 23:18:41, 
1,default,Basic1RisingPlate3LaneShoot,admin,2024-05-15 23:20:11, 
1,default,Basic1RisingPlate3LaneShoot,admin,2024-05-15 23:23:32, 
1,default,Basic1RisingPlate3LaneShoot,admin,2024-05-15 23:25:02, 
1,default,Basic1RisingPlate3LaneShoot,admin,2024-05-15 23:48:31, 
1,default,Basic1RisingPlate3LaneShoot,admin,2024-05-15 23:52:21, 
,,BasicCyclic2LaneShoot,admin,2024-05-20 10:31:36, 
1234,default,BasicCyclic2LaneShoot,admin,2024-05-20 10:31:52, 
1234,default,BasicCyclic2LaneShoot,admin,2024-05-20 10:32:00, 
,,BasicCyclic2LaneShoot,admin,2024-05-20 10:42:52, 
,,BasicCyclic2LaneShoot,admin,2024-05-20 11:59:56, 
1,default,BasicCyclic1LaneShoot,davidw@example.com,2024-05-20 12:31:08, 
1,default,BasicCyclic1LaneShoot,davidw@example.com,2024-05-20 12:35:19, 
1,default,Basic1RisingPlate1LaneShoot,davidw@example.com,2024-05-20 12:38:52, 
1,default,BasicCyclic1LaneShoot,davidw@example.com,2024-05-20 12:42:48, 
1,default,BasicCyclic1LaneShoot,davidw@example.com,2024-05-20 12:44:08, 
1,default,BasicCyclic1LaneShoot,davidw@example.com,2024-05-20 12:49:11, 
1,SHOOTER54322:David Brown,BasicCyclic1LaneShoot,davidw@example.com,2024-05-20 13:03:32, 
1,SHOOTER69125:John Doe,BasicCyclic1LaneShoot,davidw@example.com,2024-05-20 13:12:32, 
1,SHOOTER69125:John Doe,BasicCyclic1LaneShoot,davidw@example.com,2024-05-20 13:15:57, 
1,SHOOTER69125:John Doe,BasicCyclic1LaneShoot,davidw@example.com,2024-05-20 13:21:20, 
1,SHOOTER69125:John Doe,BasicCyclic1LaneShoot,davidw@example.com,2024-05-20 13:22:25, 
1,SHOOTER69125:John Doe,BasicCyclic1LaneShoot,davidw@example.com,2024-05-20 13:28:36, 
1,SHOOTER54329:Emily Martinez,BasicCyclic1LaneShoot,davidw@example.com,2024-05-20 13:38:15, 
1,SHOOTER54329:Emily Martinez,BasicCyclic1LaneShoot,davidw@example.com,2024-05-20 13:45:30, 
1,SHOOTER54329:Emily Martinez,BasicCyclic1LaneShoot,davidw@example.com,2024-05-20 13:59:21, 
1,SHOOTER54329:Emily Martinez,BasicCyclic1LaneShoot,davidw@example.com,2024-05-20 14:11:49, 
SHOOTER69125,John Doe,BasicCyclic1LaneShoot,davidw@example.com,2024-05-20 14:16:11, 
SHOOTER69125,John Doe,BasicCyclic1LaneShoot,davidw@example.com,2024-05-20 14:48:29, 
SHOOTER69125,John Doe,BasicCyclic1LaneShoot,davidw@example.com,2024-05-20 14:50:01, 
SHOOTER69125,John Doe,BasicCyclic1LaneShoot,davidw@example.com,2024-05-20 14:52:05, 
SHOOTER69125,John Doe,BasicCyclic1LaneShoot,davidw@example.com,2024-05-20 14:57:54, 
SHOOTER69125,John Doe,BasicCyclic1LaneShoot,davidw@example.com,2024-05-20 14:59:14, 
SHOOTER69125,John Doe,BasicCyclic1LaneShoot,davidw@example.com,2024-05-20 14:59:54, 
SHOOTER69125,John Doe,BasicCyclic1LaneShoot,davidw@example.com,2024-05-20 15:01:35, 
SHOOTER69125,John Doe,BasicCyclic1LaneShoot,davidw@example.com,2024-05-20 15:05:15, 
,,BasicCyclic1LaneShoot,admin,2024-05-20 15:06:08, 
1234,default,BasicCyclic1LaneShoot,admin,2024-05-20 15:06:15, 
SHOOTER69125,John Doe,BasicCyclic1LaneShoot,davidw@example.com,2024-05-20 15:07:04, 
SHOOTER69125,John Doe,BasicCyclic1LaneShoot,davidw@example.com,2024-05-20 15:49:27, 
SHOOTER69125,John Doe,BasicCyclic1LaneShoot,davidw@example.com,2024-05-20 16:04:32, 
SHOOTER69125,John Doe,BasicCyclic1LaneShoot,davidw@example.com,2024-05-20 16:06:32, 
SHOOTER69125,John Doe,BasicCyclic1LaneShoot,davidw@example.com,2024-05-20 16:12:00, 
SHOOTER69125,John Doe,BasicCyclic1LaneShoot,davidw@example.com,2024-05-20 16:12:36, 
,default,BasicCyclic1LaneShoot,c.range,2024-05-23 09:33:58, 
,default,BasicCyclic1LaneShoot,c.range,2024-05-23 09:34:09, 
,default,BasicCyclic1LaneShoot,c.range,2024-05-23 09:34:15, 
,default,BasicCyclic1LaneShoot,c.range,2024-05-23 09:34:34, 
,default,BasicCyclic1LaneShoot,c.range,2024-05-23 09:34:44, 
,default,BasicCyclic1LaneShoot,c.range,2024-05-23 09:34:52, 
,default,BasicCyclic3LaneShoot,c.range,2024-05-23 09:35:41, 
,,BasicCyclic3LaneShoot,admin,2024-05-23 09:38:04, 
,default,BasicCyclic3LaneShoot,admin,2024-05-23 09:38:21, 
,,BasicCyclic3LaneShoot,admin,2024-05-23 09:40:11, 
,default,BasicCyclic3LaneShoot,admin,2024-05-23 09:40:25, 
,,BasicCyclic2LaneShoot,admin,2024-05-23 09:41:08, 
,,BasicCyclic2LaneShoot,admin,2024-05-23 09:45:33, 
,default,BasicCyclic2LaneShoot,admin,2024-05-23 09:45:47, 
,default,BasicCyclic2LaneShoot,admin,2024-05-23 09:46:01, 
,,BasicCyclic2LaneShoot,admin,2024-05-23 10:49:53, 
,default,BasicCyclic2LaneShoot,admin,2024-05-23 10:50:00, 
,default,BasicCyclic2LaneShoot,admin,2024-05-23 10:50:07, 
,,Basic2RisingPlate3LaneShoot,admin,2024-05-25 22:10:52, 
,,Basic2RisingPlate3LaneShoot,admin,2024-05-26 18:06:31, 
,default,Basic2RisingPlate3LaneShoot,admin,2024-05-26 18:06:41, 
,,Basic2RisingPlate3LaneShoot,admin,2024-05-26 18:07:32, 
,,Basic2RisingPlate3LaneShoot,admin,2024-05-26 18:09:23, 
,,Basic2RisingPlate3LaneShoot,admin,2024-05-26 18:10:40, 
SHOOTER69125,John Doe,Basic2RisingPlate3LaneShoot,davidw@example.com,2024-05-27 11:04:19, 
SHOOTER69125,John Doe,Basic1RisingPlate3LaneShoot,davidw@example.com,2024-05-27 11:09:50, 
SHOOTER69125,John Doe,Basic1RisingPlate3LaneShoot,davidw@example.com,2024-05-27 11:13:09, 
SHOOTER69125,John Doe,Basic1RisingPlate3LaneShoot,davidw@example.com,2024-05-27 12:35:44, 
SHOOTER69125,John Doe,Basic1RisingPlate1LaneShoot,davidw@example.com,2024-05-27 12:40:44, 
SHOOTER69125,John Doe,Basic1RisingPlate1LaneShoot,davidw@example.com,2024-05-27 12:43:41, 
SHOOTER69125,John Doe,Basic1RisingPlate1LaneShoot,davidw@example.com,2024-05-27 12:49:17, 
SHOOTER69125,John Doe,Basic1RisingPlate1LaneShoot,davidw@example.com,2024-05-27 13:02:38, 
SHOOTER69125,John Doe,Basic2RisingPlate3LaneShoot,davidw@example.com,2024-05-27 13:30:22, 
SHOOTER69125,John Doe,Basic1RisingPlate1LaneShoot,davidw@example.com,2024-05-27 13:42:12, 
SHOOTER69125,John Doe,Basic1RisingPlate1LaneShoot,davidw@example.com,2024-05-27 13:42:37, 
SHOOTER69125,John Doe,Basic1RisingPlate1LaneShoot,davidw@example.com,2024-05-27 13:46:31, 
SHOOTER69125,John Doe,Basic2RisingPlate3LaneShoot,davidw@example.com,2024-05-27 13:54:47, 
,default,Basic1RisingPlate1LaneShoot,c.range,2024-05-31 08:17:43, 
,default,Basic1RisingPlate1LaneShoot,admin,2024-05-31 08:25:03, 
,default,Basic1RisingPlate1LaneShoot,c.range,2024-05-31 08:27:55, 
SHOOTER69125,John Doe,Basic1RisingPlate3LaneShoot,davidw@example.com,2024-05-31 12:09:09, 
SHOOTER69125,John Doe,Basic1RisingPlate3LaneShoot,davidw@example.com,2024-05-31 12:10:42, 
,,Basic2RisingPlate3LaneShoot,admin,2024-05-31 12:16:34, 
,default,Basic2RisingPlate3LaneShoot,admin,2024-05-31 12:17:17, 
SHOOTER69125,John Doe,Basic1RisingPlate3LaneShoot,davidw@example.com,2024-05-31 12:20:56, 
SHOOTER69125,John Doe,Basic1RisingPlate3LaneShoot,davidw@example.com,2024-05-31 12:28:05, 
SHOOTER69125,John Doe,Basic1RisingPlate3LaneShoot,davidw@example.com,2024-05-31 13:18:22, 
SHOOTER69125,John Doe,Basic1RisingPlate3LaneShoot,davidw@example.com,2024-05-31 14:05:17, 
SHOOTER54329,Emily Martinez,Basic1RisingPlate3LaneShoot,davidw@example.com,2024-05-31 14:10:45, 
1,default,Basic1RisingPlate3LaneShoot,davidw@example.com,2024-05-31 14:10:45,0,0,0,12
1,default,Basic1RisingPlate3LaneShoot,davidw@example.com,2024-05-31 14:14:10,0,0,0,10
1,default,Basic1RisingPlate3LaneShoot,davidw@example.com,2024-05-31 14:15:22,0,0,0,12
1,default,Rising.LanePlates,davidw@example.com,2024-05-31 14:18:20, 
1,default,Basic1RisingPlate3LaneShoot,davidw@example.com,2024-05-31 14:18:21,0,0,0,15
1,default,Rising.LanePlates,davidw@example.com,2024-05-31 14:20:46, 
1,default,Basic1RisingPlate3LaneShoot,davidw@example.com,2024-05-31 14:20:46,0,0,0,21
SHOOTER69125,John Doe,Basic1RisingPlate3LaneShoot,davidw@example.com,2024-05-31 14:22:45, 
1,default,Rising.LanePlates,davidw@example.com,2024-05-31 14:24:33, 
1,default,Basic1RisingPlate3LaneShoot,davidw@example.com,2024-05-31 14:24:33,0,0,0,7
1,default,Rising.LanePlates,davidw@example.com,2024-05-31 14:29:09, 
1,default,Rising.LanePlates,davidw@example.com,2024-05-31 14:29:46, 
SHOOTER69125,John Doe,Basic1RisingPlate3LaneShoot,davidw@example.com,2024-05-31 14:31:46, 
,,BasicHiddenTarget1LaneShoot,admin,2024-06-01 02:44:00, 
,default,BasicHiddenTarget1LaneShoot,admin,2024-06-01 02:44:20, 
,,BasicHiddenTarget1LaneShoot,admin,2024-06-01 02:56:24, 
,default,BasicHiddenTarget1LaneShoot,admin,2024-06-01 03:05:39, 
SHOOTER69125,John Doe,BasicHiddenTarget1LaneShoot,davidw@example.com,2024-06-01 03:10:18, 
SHOOTER69125,John Doe,BasicHiddenTarget1LaneShoot,davidw@example.com,2024-06-01 03:11:33, 
SHOOTER69125,John Doe,Basic1LaneSuspectShoot,davidw@example.com,2024-06-01 03:12:58, 
SHOOTER69125,John Doe,Basic1LaneSuspectShoot,davidw@example.com,2024-06-01 03:13:32, 
SHOOTER69125,John Doe,Basic1LaneSuspectShoot,davidw@example.com,2024-06-01 03:13:54, 
SHOOTER69125,John Doe,Basic1LaneDuelingTree,davidw@example.com,2024-06-01 03:15:21, 
,,Basic1LaneDuelingTree,admin,2024-06-01 03:24:12, 
,default,Basic1LaneTargetPopUpFreeShoot,admin,2024-06-01 03:46:29, 
,default,Basic1LaneDuelingTree,admin,2024-06-01 03:48:40, 
,,Basic2LaneSuspectShoot,admin,2024-06-01 03:55:42, 
,,BasicHiddenTarget1LaneShoot,admin,2024-06-01 04:39:20, 
,,BasicHiddenTarget1LaneShoot,admin,2024-06-01 04:44:43, 
,,BasicHiddenTarget1LaneShoot,admin,2024-06-01 04:49:37, 
,,BasicHiddenTarget1LaneShoot,admin,2024-06-01 05:15:28, 
,,BasicHiddenTarget1LaneShoot,admin,2024-06-03 08:34:58, 
,default,BasicHiddenTarget1LaneShoot,admin,2024-06-03 08:35:06, 
,default,BasicHiddenTarget1LaneShoot,admin,2024-06-03 08:35:24, 
SHOOTER69125,John Doe,Basic1RisingPlate3LaneShoot,davidw@example.com,2024-06-03 16:59:14, 
,default,BasicCyclic1LaneShoot,j.range,2024-06-03 23:14:37, 
,default,BasicCyclic1LaneShoot,j.range,2024-06-03 23:14:50, 
,default,BasicCyclic1LaneShoot,j.range,2024-06-03 23:15:12, 
,default,BasicCyclic3LaneShoot,j.range,2024-06-03 23:15:42, 
,default,Basic1RisingPlate3LaneShoot,j.range,2024-06-03 23:16:48, 
,default,BasicCIBaloon2LaneShoot,j.range,2024-06-03 23:17:47, 
,default,BasicHiddenTarget1LaneShoot,j.range,2024-06-03 23:18:31, 
,default,BasicHiddenTarget1LaneShoot,j.range,2024-06-03 23:18:48, 
,default,BasicHiddenTarget1LaneShoot,j.range,2024-06-03 23:19:04, 
SHOOTER69125,John Doe,Basic1RisingPlate3LaneShoot,davidw@example.com,2024-06-04 09:49:46, 
SHOOTER54329,Emily Martinez,Basic1RisingPlate3LaneShoot,davidw@example.com,2024-06-04 09:56:33, 
SHOOTER69125,John Doe,Basic1RisingPlate1LaneShoot,davidw@example.com,2024-06-04 10:18:26, 
SHOOTER69125,John Doe,Basic1RisingPlate1LaneShoot,davidw@example.com,2024-06-04 10:23:45, 
SHOOTER69125,John Doe,Basic1RisingPlate1LaneShoot,davidw@example.com,2024-06-04 12:41:32, 
SHOOTER69125,John Doe,Basic2RisingPlate3LaneShoot,davidw@example.com,2024-06-04 12:44:25, 
SHOOTER69125,John Doe,Basic1RisingPlate3LaneShoot,davidw@example.com,2024-06-04 13:00:28, 
SHOOTER69125,John Doe,Basic1RisingPlate1LaneShoot,davidw@example.com,2024-06-04 14:07:05, 
SHOOTER69125,John Doe,Basic1RisingPlate3LaneShoot,davidw@example.com,2024-06-04 15:17:17, 
,,BasicHiddenTarget1LaneShoot,admin,2024-06-04 16:59:32, 
SHOOTER69125,John Doe,Basic1RisingPlate1LaneShoot,davidw@example.com,2024-06-04 17:20:26, 
SHOOTER69125,John Doe,Basic1RisingPlate1LaneShoot,davidw@example.com,2024-06-04 20:09:07, 
SHOOTER69125,John Doe,Basic1RisingPlate3LaneShoot,davidw@example.com,2024-06-04 20:12:32, 
,,BasicFallingPlat,admin,2024-06-05 19:31:11, 
,,BasicFallingPlat,admin,2024-06-05 19:33:13, 
1234,default,BasicFallingPlat,admin,2024-06-05 19:33:39, 
,,Basic1LaneFallingPlat,admin,2024-06-05 19:44:13, 
,,Basic1LaneFallingPlat,admin,2024-06-05 19:45:23, 
,,Basic1LaneFallingPlat,admin,2024-06-05 19:55:23, 
,default,Basic1LaneFallingPlat,admin,2024-06-05 19:55:37, 
,default,Basic1LaneFallingPlat,admin,2024-06-06 08:59:39, 
,default,BasicCIBaloon1LaneShoot,admin,2024-06-06 09:50:51, 
,default,BasicCIBaloon1LaneShoot,admin,2024-06-06 09:50:59, 
,default,Basic1LaneTargetPopUpFreeShoot,admin,2024-06-06 10:32:54, 
,,Basic1LaneFallingPlat,admin,2024-06-10 01:49:20, 
SHOOTER69125,John Doe,Basic1RisingPlate1LaneShoot,davidw@example.com,2024-06-10 03:46:04, 
SHOOTER69125,John Doe,BasicCyclic2LaneShoot,davidw@example.com,2024-06-10 03:48:25, 
,,BasicHiddenTarget1LaneShoot,admin,2024-06-10 12:58:37, 
,default,Basic1LaneFallingPlat,admin,2024-06-10 13:21:27, 
1,default,Falling Plates,admin,2024-06-10 13:41:07, 
1,default,Basic1LaneFallingPlat,admin,2024-06-10 13:41:07,0,0,0,7
,,,admin,2024-06-10 13:50:39, 
1234,default,Basic1LaneFallingPlat,admin,2024-06-10 13:50:39,0,0,0,7
,,,admin,2024-06-10 13:57:44, 
1234,default,Basic1LaneFallingPlat,admin,2024-06-10 13:57:44,0,0,0,9
,,,admin,2024-06-10 13:59:38, 
1234,default,Basic1LaneFallingPlat,admin,2024-06-10 13:59:38,0,0,0,5
,,,admin,2024-06-10 14:00:21, 
1234,default,Basic1LaneFallingPlat,admin,2024-06-10 14:00:21,0,0,0,4
,,Basic Target,admin,2024-06-10 14:02:57, 
1,default,Falling Plates,davidw@example.com,2024-06-10 14:06:53, 
1,default,Falling Plates,davidw@example.com,2024-06-10 14:12:25, 
1,default,Falling Plates,davidw@example.com,2024-06-10 14:12:59, 
SHOOTER69125,John Doe,Falling Plates,davidw@example.com,2024-06-10 14:14:50, 
,,Basic Target,admin,2024-06-10 14:39:54, 
SHOOTER69125,John Doe,Falling Plates,davidw@example.com,2024-06-10 14:57:29, 
SHOOTER69125,John Doe,Falling Plates,davidw@example.com,2024-06-10 15:01:06, 
SHOOTER69125,John Doe,Hidden Plates,davidw@example.com,2024-06-10 15:04:08, 
SHOOTER69125,John Doe,Hidden Plates,davidw@example.com,2024-06-10 15:04:42, 
SHOOTER69125,John Doe,Hidden Plates,davidw@example.com,2024-06-10 15:05:16, 
SHOOTER69125,John Doe,Hidden Plates,davidw@example.com,2024-06-10 15:15:36, 
SHOOTER69125,John Doe,Hidden Plates,davidw@example.com,2024-06-10 15:22:25, 
SHOOTER69125,John Doe,Bullseye Targets,davidw@example.com,2024-06-10 15:52:16, 
SHOOTER69125,John Doe,U.Baloon Targets,davidw@example.com,2024-06-10 15:56:52, 
*,Test User,Falling Plates,davidw@example.com,2024-06-10 16:13:08, 
,default,Bullseye Targets,admin,2024-06-10 17:10:42, 
,default,Bullseye Targets,c.range,2024-06-10 17:27:36, 
,default,Hidden Plates,c.range,2024-06-10 17:28:33, 
SHOOTER69125,John Doe,Bullseye Targets,davidw@example.com,2024-06-10 17:31:48, 
SHOOTER69125,John Doe,Hidden Plates,davidw@example.com,2024-06-10 17:32:59, 
SHOOTER69125,John Doe,Bullseye Targets,davidw@example.com,2024-06-10 17:37:12, 
SHOOTER69125,John Doe,Hidden Plates,davidw@example.com,2024-06-10 17:38:17, 
SHOOTER69125,John Doe,Bullseye Targets,davidw@example.com,2024-06-10 17:44:43, 
SHOOTER69125,John Doe,Hidden Plates,davidw@example.com,2024-06-10 17:45:35, 
SHOOTER24841,Nhlanhla,Hidden Plates,gedeon@psr.com,2024-06-11 10:09:58, 
,,Basic Target,admin,2024-06-13 22:18:33, 
,,Basic Target,admin,2024-06-13 22:20:17, 
,,Basic Target,admin,2024-06-13 22:32:17, 
,,Basic Target,admin,2024-06-13 22:33:25, 
,,Basic Target,admin,2024-06-13 22:37:41, 
,,Basic Target,admin,2024-06-13 22:42:04, 
,,Basic Target,admin,2024-06-13 23:05:31, 
,,Basic Target,admin,2024-06-13 23:08:35, 
,,Basic Target,admin,2024-06-15 22:26:42, 
,,Basic Target,admin,2024-06-15 22:39:22, 
,,Basic Target,admin,2024-06-16 21:08:14, 
,,Basic Target,admin,2024-06-16 21:24:04, 
,,Basic Target,admin,2024-06-16 23:24:01, 
,default,Light Pole,admin,2024-06-17 17:42:32, 
,,Basic Target,admin,2024-06-17 17:44:34, 
,,Basic Target,admin,2024-06-17 17:49:15, 
,,Basic Target,admin,2024-06-17 17:49:27, 
,,Basic Target,admin,2024-06-17 17:49:46, 
,,Basic Target,admin,2024-06-17 17:50:41, 
,,Basic Target,admin,2024-06-17 17:50:54, 
,,Basic Target,admin,2024-06-17 17:53:16, 
,,Basic Target,admin,2024-06-17 17:56:39, 
,,Basic Target,admin,2024-06-17 17:57:43, 
,,Basic Target,admin,2024-06-17 17:57:54, 
,,Basic Target,admin,2024-06-17 17:58:09, 
,,Basic Target,admin,2024-06-17 18:01:22, 
,,Basic Target,admin,2024-06-17 22:27:49, 
,default,Basic Target,admin,2024-06-17 22:28:02, 
,,Basic Target,admin,2024-06-17 23:54:04, 
,,Basic Target,admin,2024-06-18 00:01:09, 
,default,Basic Target,admin,2024-06-18 00:01:14, 
,default,Basic Target,admin,2024-06-18 00:01:23, 
,default,Basic Target,admin,2024-06-18 00:01:30, 
,,Basic Target,admin,2024-06-18 00:02:20, 
,default,Basic Target,admin,2024-06-18 00:02:23, 
,,Basic Target,admin,2024-06-18 00:14:45, 
,,Basic Target,admin,2024-06-18 00:40:08, 
,default,Light Pole,davidw@example.com,2024-06-18 01:01:30, 
SHOOTER69125,John Doe,Light Pole,davidw@example.com,2024-06-18 01:03:29, 
SHOOTER69125,John Doe,Static IPEC,davidw@example.com,2024-06-18 01:08:04, 
SHOOTER69125,John Doe,Static IPEC,davidw@example.com,2024-06-18 01:08:18, 
,,Basic Target,admin,2024-06-18 01:15:31, 
SHOOTER47892,Maxwell Smith,Light Pole,davidw@example.com,2024-06-18 01:18:04, 
SHOOTER47892,Maxwell Smith,Rising Plates,davidw@example.com,2024-06-18 01:18:46, 
,,Basic Target,admin,2024-06-18 01:21:53, 
,,Basic Target,admin,2024-06-18 01:27:57, 
,,Basic Target,admin,2024-06-18 01:29:45, 
,,Basic Target,admin,2024-06-18 01:32:59, 
,,Basic Target,admin,2024-06-18 01:36:22, 
SHOOTER69125,John Doe,Static IPEC,davidw@example.com,2024-06-18 01:47:04, 
SHOOTER69125,John Doe,Light Pole,davidw@example.com,2024-06-18 01:48:36, 
,,Basic Target,admin,2024-06-18 01:51:05, 
,,Basic Target,admin,2024-06-18 01:51:49, 
,default,Basic Target,admin,2024-06-18 01:52:13, 
,,Basic Target,admin,2024-06-18 01:54:07, 
,,Basic Target,admin,2024-06-18 01:54:54, 
,,Basic Target,admin,2024-06-18 01:58:51, 
,,Basic Target,admin,2024-06-18 02:00:27, 
,default,Basic Target,admin,2024-06-18 02:00:49, 
,,Basic Target,admin,2024-06-18 02:02:15, 
,default,Light Pole,admin,2024-06-18 10:10:24, 
,default,Block Target,admin,2024-06-18 10:12:47, 
,default,Block Target,admin,2024-06-18 10:13:03, 
,default,Block Target,admin,2024-06-18 10:13:31, 
,,Basic Target,admin,2024-06-18 10:14:36, 
,,Basic Target,admin,2024-06-18 10:16:27, 
,,Basic Target,admin,2024-06-18 10:18:58, 
,,Basic Target,admin,2024-06-18 10:20:26, 
,,Basic Target,admin,2024-06-18 10:22:49, 
,,Basic Target,admin,2024-06-20 14:02:25, 
,,Basic Target,admin,2024-06-20 14:08:27, 
,default,Basic Target,admin,2024-06-20 14:08:39, 
,,Moving IPEC,admin,2024-06-20 14:13:55, 
,default,Moving IPEC,admin,2024-06-20 14:14:08, 
,,Basic Target,admin,2024-06-20 14:15:56, 
,,Basic Target,admin,2024-06-20 14:17:32, 
,,Basic Target,admin,2024-06-20 14:18:04, 
,,Basic Target,admin,2024-06-20 14:19:19, 
,,Basic Target,admin,2024-06-20 14:20:19, 
,,Basic Target,admin,2024-06-20 14:21:45, 
,,Moving IPEC,admin,2024-06-20 14:22:19, 
,default,Moving IPEC,admin,2024-06-20 14:22:28, 
,,Basic Target,admin,2024-06-20 14:22:52, 
,default,Basic Target,admin,2024-06-20 14:23:02, 
,,Basic Target,admin,2024-06-20 14:46:28, 
,,Basic Target,admin,2024-06-20 21:09:41, 
,default,Basic Target,admin,2024-06-20 21:09:54, 
,,Basic Target,admin,2024-06-20 21:10:24, 
,,Basic Target,admin,2024-06-20 21:27:10, 
,default,Basic Target,admin,2024-06-20 21:27:34, 
,,Basic Target,admin,2024-06-24 10:11:54, 
,,Basic Target,admin,2024-06-24 10:47:21, 
,,Basic Target,admin,2024-06-24 10:55:00, 
,,Basic Target,admin,2024-06-24 11:03:17, 
,,Basic Target,admin,2024-06-24 12:22:37, 
,,Basic Target,admin,2024-06-24 12:45:55, 
,,Basic Target,admin,2024-06-24 12:46:19, 
,,Basic Target,admin,2024-06-24 12:46:40, 
,,Basic Target,admin,2024-06-24 13:24:22, 
,default,Moving Threat Hostage IPEC,admin,2024-06-24 16:02:53, 
,,Basic Target,admin,2024-06-24 16:43:26, 
,,Basic Target,admin,2024-06-24 16:44:59, 
,,Basic Target,admin,2024-06-24 16:47:13, 
,,Basic Target,admin,2024-06-24 16:49:45, 
,,Basic Target,admin,2024-06-24 18:24:06, 
,,Basic Target,admin,2024-06-24 18:36:03, 
,,Bullseye Targets.2,admin,2024-06-24 18:40:23, 
,,Basic Target,admin,2024-06-24 20:29:49, 
,,Bullseye (5 Points),admin,2024-06-24 20:41:44, 
,,Bullseye (5 Points),admin,2024-06-24 20:45:00, 
,,Basic Target,admin,2024-06-24 20:55:09, 
,default,Basic Target,admin,2024-06-24 20:55:39, 
,,Basic Target,admin,2024-06-25 15:19:48, 
,,Basic Target,admin,2024-06-25 15:37:16, 
,,Basic Target,admin,2024-06-25 15:45:20, 
,,Basic Target,admin,2024-06-28 11:26:51, 
,default,Basic Target,admin,2024-06-28 11:26:56, 
,,Basic Target,admin,2024-06-28 11:33:08, 
,,Basic Target,admin,2024-06-28 12:20:46, 
,,Basic Target,admin,2024-06-28 14:46:48, 
,default,U.Baloon Targets,admin,2024-06-28 14:47:10, 
,,Basic Target,admin,2024-07-01 13:33:37, 
,,Basic Target,admin,2024-07-01 13:42:58, 
,,Basic Target,admin,2024-07-01 13:50:47, 
,,Basic Target,admin,2024-07-01 13:58:49, 
,,Basic Target,admin,2024-07-01 14:00:41, 
SHOOTER69125,John Doe,Rising Plates,davidw@example.com,2024-07-01 14:02:50, 
SHOOTER69125,John Doe,Rising Plates,davidw@example.com,2024-07-01 14:11:56, 
SHOOTER69125,John Doe,Rising Plates,davidw@example.com,2024-07-01 14:12:18, 
SHOOTER69125,John Doe,Rising Plates,davidw@example.com,2024-07-01 14:17:29, 
SHOOTER69125,John Doe,Rising Plates,davidw@example.com,2024-07-01 14:28:13, 
,,Basic Target,admin,2024-07-03 10:26:20, 
,,Basic Target,admin,2024-07-03 10:26:46, 
,,Basic Target,admin,2024-07-03 10:27:09, 
,,Basic Target,admin,2024-07-03 11:41:33, 
,,Basic Target,admin,2024-07-03 11:45:26, 
,,Basic Target,admin,2024-07-03 11:53:34, 
SHOOTER69125,John Doe,Rising Plates,davidw@example.com,2024-07-03 17:55:26, 
SHOOTER69125,John Doe,Rising Plates,davidw@example.com,2024-07-03 17:57:25, 
SHOOTER69125,John Doe,Rising Plates,davidw@example.com,2024-07-03 18:01:23, 
SHOOTER69125,John Doe,Rising Plates,davidw@example.com,2024-07-03 18:02:19, 
SHOOTER69125,John Doe,Rising Plates,davidw@example.com,2024-07-03 18:02:50, 
SHOOTER69125,John Doe,Rising Plates,davidw@example.com,2024-07-03 18:04:32, 
,,Basic Target,admin,2024-07-10 16:46:58, 
,,Basic Target,admin,2024-07-10 16:47:51, 
,,Basic Target,admin,2024-07-10 16:50:55, 
,,Basic Target,admin,2024-07-10 16:58:22, 
,default,Static IPEC,admin,2024-07-10 17:40:38, 
,default,S.Man IPEC (4 Points),admin,2024-07-10 17:44:53, 
,,U.Baloon Targets,admin,2024-07-10 21:08:31, 
,default,U.Baloon Targets,admin,2024-07-10 21:08:53, 
,default,Light Pole,c.range,2024-07-10 22:03:04, 
SHOOTER69125,John Doe,Rising Plates,davidw@example.com,2024-07-11 10:28:32, 
SHOOTER69125,John Doe,Threat Man (2 Points),davidw@example.com,2024-07-11 10:29:21, 
SHOOTER69125,John Doe,Rising Plates,davidw@example.com,2024-07-11 10:31:54, 
,,Basic Target,admin,2024-07-15 11:53:49, 
,,Basic Target,admin,2024-07-15 11:56:46, 
,,Basic Target,admin,2024-07-15 11:57:35, 
,,Basic Target,admin,2024-07-15 12:13:05, 
,default,Basic Target,admin,2024-07-15 12:13:17, 
,default,Basic Target,admin,2024-07-15 12:13:31, 
,,Basic Target,admin,2024-07-15 12:34:42, 
,default,Basic Target,admin,2024-07-15 12:34:54, 
,,Basic Target,admin,2024-07-15 12:45:29, 
,,Basic Target,admin,2024-07-15 13:58:54, 
,,Basic Target,admin,2024-07-15 19:11:53, 
,,Basic Target,admin,2024-07-16 12:00:02, 
,,Basic Target,admin,2024-07-16 12:19:24, 
,,Basic Target,admin,2024-07-16 12:22:19, 
,,Basic Target,admin,2024-07-16 12:25:34, 
,,Basic Target,admin,2024-07-16 20:04:48, 
,,Basic Target,admin,2024-07-17 19:25:00, 
,default,Bullseye Targets.1,admin,2024-07-17 19:27:51, 
,default,Bullseye Targets.1,admin,2024-07-17 19:28:12, 
,default,Rising Plates,admin,2024-07-17 19:29:01, 
,default,Rising Plates,admin,2024-07-17 19:29:16, 
,default,Bullseye Targets.1,admin,2024-07-17 19:31:40, 
,default,Bullseye Targets.1,admin,2024-07-17 19:31:51, 
,default,U.Baloon Targets,admin,2024-07-17 19:33:50, 
,default,U.Baloon Targets,admin,2024-07-17 19:34:02, 
,,Basic Target,admin,2024-07-18 09:42:36, 
,,Basic Target,admin,2024-07-22 11:02:03, 
,,Basic Target,admin,2024-07-22 11:02:57, 
,,Light Pole,admin,2024-07-22 14:36:30, 
,default,Static IPEC,admin,2024-07-22 14:37:39, 
,,Basic Target,admin,2024-07-23 00:58:53, 
,,Basic Target,admin,2024-07-23 01:26:31, 
,default,Basic Target,admin,2024-07-23 01:27:02, 
,,Basic Target,admin,2024-07-23 11:54:29, 
,,Basic Target,admin,2024-07-24 22:15:12, 
,,Basic Target,admin,2024-07-25 12:51:50, 
,,Basic Target,admin,2024-07-25 12:56:54, 
,default,Basic Target,admin,2024-07-25 12:57:06, 
,,Basic Target,admin,2024-07-25 13:06:17, 
,,Basic Target,admin,2024-07-25 13:44:40, 
,default,Basic Target,admin,2024-07-25 13:45:04, 
,,Basic Target,admin,2024-07-25 13:46:44, 
,,Basic Target,admin,2024-07-25 13:53:44, 
,default,Basic Target,admin,2024-07-25 13:54:01, 
,default,Basic Target,admin,2024-07-25 13:54:14, 
,,Basic Target,admin,2024-07-25 13:56:44, 
,default,Basic Target,admin,2024-07-25 13:56:54, 
,default,Basic Target,admin,2024-07-25 13:57:04, 
,default,Basic Target,admin,2024-07-25 13:57:14, 
,,Basic Target,admin,2024-07-25 14:01:19, 
,,Basic Target,admin,2024-07-25 14:02:47, 
,,Basic Target,admin,2024-07-25 14:03:16, 
,,Basic Target,admin,2024-07-25 14:05:13, 
,default,Basic Target,admin,2024-07-25 14:05:29, 
,default,Basic Target,admin,2024-07-25 14:05:55, 
,default,Basic Target,admin,2024-07-25 14:06:08, 
,default,Basic Target,admin,2024-07-25 14:06:11, 
,,Basic Target,admin,2024-07-25 14:09:41, 
,default,Basic Target,admin,2024-07-25 14:09:56, 
,default,Basic Target,admin,2024-07-25 14:10:25, 
,,Basic Target,admin,2024-07-25 16:50:45, 
,,Basic Target,admin,2024-07-25 16:55:57, 
,,Basic Target,admin,2024-07-25 16:56:58, 
,,Basic Target,admin,2024-07-25 17:18:59, 
,default,Basic Target,admin,2024-07-25 17:19:24, 
,,Basic Target,admin,2024-07-25 17:22:06, 
,default,Basic Target,admin,2024-07-25 17:22:24, 
,,Basic Target,admin,2024-07-25 17:24:17, 
,,Basic Target,admin,2024-07-25 17:25:30, 
,,Basic Target,admin,2024-07-25 17:26:13, 
,,Basic Target,admin,2024-07-25 17:27:05, 
,default,Basic Target,admin,2024-07-25 17:27:19, 
,,Basic Target,admin,2024-07-25 17:27:55, 
,default,Basic Target,admin,2024-07-25 17:28:04, 
,,Basic Target,admin,2024-07-25 22:09:05, 
,,Basic Target,admin,2024-07-25 22:21:58, 
,,Basic Target,admin,2024-07-25 22:55:35, 
,,Basic Target,admin,2024-07-25 22:57:22, 
,,Basic Target,admin,2024-07-25 23:00:33, 
,,Basic Target,admin,2024-07-25 23:07:29, 
,,Basic Target,admin,2024-07-25 23:08:25, 
,,Basic Target,admin,2024-07-25 23:09:09, 
,,Basic Target,admin,2024-07-25 23:10:57, 
,default,Basic Target,admin,2024-07-25 23:11:08, 
,default,Basic Target,admin,2024-07-25 23:11:18, 
,,Basic Target,admin,2024-07-25 23:18:35, 
,default,Basic Target,admin,2024-07-25 23:19:12, 
,,Basic Target,admin,2024-07-25 23:21:09, 
,,Basic Target,admin,2024-07-25 23:23:47, 
,,Basic Target,admin,2024-07-25 23:27:18, 
,,Basic Target,admin,2024-07-25 23:29:45, 
,,Basic Target,admin,2024-07-25 23:32:11, 
,default,Basic Target,admin,2024-07-25 23:32:44, 
,,Basic Target,admin,2024-07-25 23:34:30, 
,,Basic Target,admin,2024-07-25 23:35:23, 
,,Car Game,admin,2024-07-25 23:56:32, 
,,Car Game,admin,2024-07-25 23:59:10, 
,,Car Game,admin,2024-07-26 00:01:17, 
,,Car Game,admin,2024-07-26 00:03:29, 
,default,Car Game,admin,2024-07-26 00:04:11, 
,,Basic Target,admin,2024-07-26 02:36:15, 
,,Basic Target,admin,2024-07-26 03:08:03, 
,,Basic Target,admin,2024-07-26 03:11:48, 
,,Basic Target,admin,2024-07-26 03:13:49, 
,,Basic Target,admin,2024-07-26 03:14:48, 
,default,Basic Target,admin,2024-07-26 03:15:12, 
,default,Basic Target,admin,2024-07-26 03:15:32, 
,,Basic Target,admin,2024-07-26 03:17:36, 
,,Basic Target,admin,2024-07-26 03:51:01, 
,default,Basic Target,admin,2024-07-26 03:51:56, 
,default,Basic Target,admin,2024-07-26 03:53:11, 
,,Basic Target,admin,2024-07-26 03:55:29, 
,,Basic Target,admin,2024-07-26 03:57:21, 
,default,Basic Target,admin,2024-07-26 03:58:25, 
,,Basic Target,admin,2024-07-26 03:59:49, 
,default,Basic Target,admin,2024-07-26 04:00:40, 
,,Basic Target,admin,2024-07-26 04:01:33, 
,,Basic Target,admin,2024-07-26 04:03:15, 
,default,Basic Target,admin,2024-07-26 04:03:30, 
,default,Basic Target,admin,2024-07-26 04:05:34, 
,,Car Game,admin,2024-07-26 04:10:28, 
,default,Car Game,admin,2024-07-26 14:44:06, 
,,Basic Target,admin,2024-07-29 09:56:34, 
,,Basic Target,admin,2024-07-29 10:00:02, 
,default,Car Game,admin,2024-07-29 10:05:22, 
,,Basic Target,admin,2024-07-29 11:56:05, 
,,Basic Target,admin,2024-07-29 11:56:58, 
,,Basic Target,admin,2024-07-29 12:22:52, 
,,Basic Target,admin,2024-07-29 13:01:29, 
,default,Basic Target,admin,2024-07-29 13:02:44, 
,default,Car Game,admin,2024-07-29 15:39:53, 
,default,Car Game,admin,2024-07-29 15:46:32, 
,,Basic Target,admin,2024-07-29 16:13:49, 
,default,Basic Target,admin,2024-07-29 16:15:29, 
,,Bullseye (5 Points),admin,2024-07-30 03:34:26, 
,,Basic Target,admin,2024-07-30 03:51:06, 
,default,Basic Target,admin,2024-07-30 03:51:25, 
,,Basic Target,admin,2024-07-30 03:56:21, 
,default,Basic Target,admin,2024-07-30 03:56:35, 
,,Bullseye (5 Points),admin,2024-07-30 03:58:12, 
,default,S.Bullseye (5 Points),admin,2024-07-30 03:59:01, 
,,Car Game,admin,2024-07-30 10:40:09, 
,default,Shell Target,admin,2024-07-30 10:41:16, 
,default,Shell Target,admin,2024-07-30 10:42:59, 
,,Bullseye (5 Points),admin,2024-07-30 10:44:16, 
,default,S.Bullseye (5 Points),admin,2024-07-30 10:44:49, 
,default,Rising Plates,admin,2024-07-30 10:46:02, 
,default,Hidden Plates,admin,2024-07-30 10:48:33, 
,default,Car Game,admin,2024-08-01 04:03:51, 
,default,Rising Target,admin,2024-08-01 23:48:56, 
,,Basic Target,admin,2024-08-05 10:38:00, 
,,Basic Target,admin,2024-08-07 19:29:30, 
,,Diverse Bullseye,admin,2024-08-07 19:41:13, 
,default,Diverse Bullseye,admin,2024-08-07 19:41:23, 
,,Basic Target,admin,2024-08-07 19:42:59, 
,default,Bullseye Challenge,admin,2024-08-07 19:53:27, 
,,Basic Target,admin,2024-08-07 20:01:13, 
,default,Racetrack Target,admin,2024-08-11 22:23:29, 
,default,Racetrack Target,admin,2024-08-11 22:23:36, 
,default,Racetrack Target,admin,2024-08-11 22:23:51, 
,default,Racetrack Target,admin,2024-08-11 22:24:02, 
,default,Racetrack Target,admin,2024-08-11 22:24:18, 
,default,Racetrack Target,admin,2024-08-11 22:24:25, 
,default,Racetrack Target,admin,2024-08-11 22:24:34, 
,default,Racetrack Target,admin,2024-08-11 22:26:01, 
,default,Racetrack Target,admin,2024-08-11 22:26:14, 
,,Basic Target,admin,2024-08-11 22:28:16, 
,,Basic Target,admin,2024-08-11 22:29:23, 
,default,Basic Target,admin,2024-08-11 22:29:43, 
,default,Basic Target,admin,2024-08-11 22:29:57, 
,,Basic Target,admin,2024-08-11 22:31:02, 
,,Basic Target,admin,2024-08-11 22:48:35, 
,default,Basic Target,admin,2024-08-11 22:48:47, 
,,Basic Target,admin,2024-08-11 22:49:58, 
,default,Basic Target,admin,2024-08-11 22:50:11, 
,,Basic Target,admin,2024-08-11 22:53:41, 
,,Basic Target,admin,2024-08-11 22:55:11, 
,default,Basic Target,admin,2024-08-11 22:55:22, 
,,Basic Target,admin,2024-08-11 23:00:25, 
,default,Basic Target,admin,2024-08-11 23:00:33, 
,,Basic Target,admin,2024-08-11 23:07:34, 
,default,Basic Target,admin,2024-08-11 23:07:47, 
,default,Basic Target,admin,2024-08-11 23:08:00, 
,default,Basic Target,admin,2024-08-11 23:08:09, 
,default,Basic Target,admin,2024-08-11 23:08:27, 
,,Basic Target,admin,2024-08-11 23:10:40, 
,,Basic Target,admin,2024-08-11 23:11:57, 
,,Basic Target,admin,2024-08-11 23:20:13, 
,,Basic Target,admin,2024-08-11 23:21:54, 
,,Basic Target,admin,2024-08-11 23:22:16, 
,,Basic Target,admin,2024-08-11 23:28:40, 
,default,Basic Target,admin,2024-08-11 23:28:50, 
,,Basic Target,admin,2024-08-11 23:31:43, 
,default,Basic Target,admin,2024-08-11 23:31:56, 
,,Basic Target,admin,2024-08-13 10:58:09, 
,,Basic Target,admin,2024-08-13 11:00:06, 
,,Basic Target,admin,2024-08-13 11:04:44, 
,,Basic Target,admin,2024-08-13 11:07:59, 
,,Basic Target,admin,2024-08-13 11:10:29, 
,,Basic Target,admin,2024-08-13 11:16:54, 
,,Basic Target,admin,2024-08-13 11:19:16, 
,,Basic Target,admin,2024-08-13 11:21:03, 
,,Basic Target,admin,2024-08-13 11:27:37, 
,,Basic Target,admin,2024-08-13 11:30:37, 
,,Basic Target,admin,2024-08-13 11:33:59, 
,default,Basic Target,admin,2024-08-13 11:34:29, 
,,Basic Target,admin,2024-08-13 11:35:58, 
,default,Basic Target,admin,2024-08-13 11:36:15, 
,default,Basic Target,admin,2024-08-13 11:45:16, 
,default,Basic Target,admin,2024-08-13 11:45:21, 
,,Basic Target,admin,2024-08-13 11:48:08, 
,,Number Sequence,admin,2024-08-13 12:07:05, 
,default,Number Sequence,admin,2024-08-13 12:07:32, 
,,Number Sequence,admin,2024-08-13 12:26:19, 
,default,Number Sequence,admin,2024-08-13 12:26:33, 
,,Basic Target,admin,2024-08-13 12:27:38, 
,default,Basic Target,admin,2024-08-13 12:28:01, 
,,Basic Target,admin,2024-08-13 12:29:26, 
,default,Basic Target,admin,2024-08-13 12:29:37, 
,,Basic Target,admin,2024-08-13 12:34:17, 
,default,Number Sequence,admin,2024-08-13 12:35:27, 
,default,Number Sequence,admin,2024-08-13 12:35:39, 
,default,Number Sequence,admin,2024-08-13 12:35:42, 
,default,Number Sequence,admin,2024-08-13 12:35:45, 
,,Basic Target,admin,2024-08-13 12:36:53, 
,default,Basic Target,admin,2024-08-13 12:37:16, 
,,Basic Target,admin,2024-08-13 15:59:55, 
,,Basic Target,admin,2024-08-13 16:41:08, 
,,Basic Target,admin,2024-08-13 17:43:31, 
,,Basic Target,admin,2024-08-13 17:56:25, 
,,Basic Target,admin,2024-08-13 23:15:26, 
,,Basic Target,admin,2024-08-13 23:19:05, 
,default,Basic Target,admin,2024-08-13 23:19:18, 
,,Basic Target,admin,2024-08-13 23:22:39, 
,,Basic Target,admin,2024-08-13 23:26:25, 
,,Basic Target,admin,2024-08-13 23:45:50, 
,,Basic Target,admin,2024-08-13 23:49:24, 
,default,Basic Target,admin,2024-08-13 23:50:40, 
,,Basic Target,admin,2024-08-13 23:52:07, 
,,Basic Target,admin,2024-08-13 23:54:03, 
,,Basic Target,admin,2024-08-13 23:54:58, 
,,Basic Target,admin,2024-08-13 23:55:58, 
,,Basic Target,admin,2024-08-13 23:57:27, 
,default,Basic Target,admin,2024-08-13 23:58:11, 
,default,Basic Target,admin,2024-08-13 23:58:39, 
,,Basic Target,admin,2024-08-14 00:01:33, 
,default,Basic Target,admin,2024-08-14 00:01:57, 
,default,Basic Target,admin,2024-08-14 00:02:10, 
,default,Basic Target,admin,2024-08-14 00:02:30, 
,default,Basic Target,admin,2024-08-14 00:02:48, 
,default,Color Sequence,admin,2024-08-14 00:07:30, 
,default,Color Sequence,admin,2024-08-14 00:08:53, 
,default,Color Sequence,admin,2024-08-14 00:09:29, 
,,Basic Target,admin,2024-08-14 14:47:23, 
,,Basic Target,admin,2024-08-14 14:49:07, 
,,Basic Target,admin,2024-08-14 14:49:50, 
,default,Number Sequence,admin,2024-08-14 14:50:09, 
,default,Number Sequence,admin,2024-08-14 14:50:28, 
,,Basic Target,admin,2024-08-14 14:51:38, 
,default,Basic Target,admin,2024-08-14 14:51:43, 
,,Basic Target,admin,2024-08-14 14:53:19, 
,default,Number Sequence,admin,2024-08-14 14:53:52, 
,default,Number Sequence,admin,2024-08-14 14:54:10, 
,default,Number Sequence,admin,2024-08-14 14:54:33, 
,default,Number Sequence,admin,2024-08-14 14:54:46, 
,default,Number Sequence,admin,2024-08-14 14:54:58, 
,default,Number Sequence,admin,2024-08-14 14:55:21, 
,,Number Sequence,admin,2024-08-14 15:06:49, 
,default,Number Sequence,admin,2024-08-14 15:07:04, 
,default,Number Sequence,admin,2024-08-14 15:07:49, 
,default,Number Sequence,admin,2024-08-14 15:08:28, 
,default,Number Sequence,admin,2024-08-14 15:10:51, 
,default,Number Sequence,admin,2024-08-14 15:11:21, 
,default,Color Sequence,admin,2024-08-14 15:14:03, 
,default,Color Sequence,admin,2024-08-14 15:14:20, 
,default,Color Sequence,admin,2024-08-14 15:15:01, 
,default,ROYGBIV,admin,2024-08-14 15:51:24, 
,,Basic Target,admin,2024-08-14 23:11:25, 
,,Basic Target,admin,2024-08-15 00:06:04, 
,default,Basic Target,admin,2024-08-15 00:07:01, 
,,Basic Target,admin,2024-08-15 00:09:06, 
,default,Basic Target,admin,2024-08-15 00:09:15, 
,,Basic Target,admin,2024-08-15 00:17:08, 
,,Basic Target,admin,2024-08-15 00:18:12, 
,,Basic Target,admin,2024-08-15 00:19:13, 
,,Basic Target,admin,2024-08-15 00:28:54, 
,,Basic Target,admin,2024-08-15 00:30:45, 
,,Basic Target,admin,2024-08-15 01:08:55, 
,,Basic Target,admin,2024-08-15 01:15:58, 
,default,Seqnum Addition,admin,2024-08-15 01:28:52, 
,default,Seqnum,admin,2024-08-15 01:29:48, 
,,Seqnum,admin,2024-08-15 21:23:01, 
,default,Seqnum Addition,admin,2024-08-15 21:23:36, 
,default,Seqnum Addition,admin,2024-08-15 21:23:50, 
,,Basic Target,admin,2024-08-15 21:45:08, 
,,Basic Target,admin,2024-08-15 21:56:01, 
,,Basic Target,admin,2024-08-15 21:56:43, 
,,Basic Target,admin,2024-08-15 21:59:55, 
,default,Basic Target,admin,2024-08-15 22:00:35, 
,,Basic Target,admin,2024-08-15 22:01:20, 
,default,Seqnum Addition,admin,2024-08-16 21:52:21, 
,default,Racetrack Target,admin,2024-08-16 21:55:28, 
,,Basic Target,admin,2024-08-17 01:27:27, 
,,Basic Target,admin,2024-08-17 02:05:32, 
,default,Seqnum,admin,2024-08-20 13:33:28, 
,default,Seqnum,admin,2024-08-20 13:33:41, 
,,Seqnum,admin,2024-08-20 14:33:56, 
,,Seqnum,admin,2024-08-20 14:38:37, 
,default,Clay Pigeon,admin,2024-08-20 14:39:37, 
,default,Clay Pigeon,admin,2024-08-20 14:40:25, 
,,Basic Target,admin,2024-08-22 13:45:37, 
,default,Basic Target,admin,2024-08-22 13:45:53, 
,default,Basic Target,admin,2024-08-22 13:46:52, 
,default,Seqnum,admin,2024-08-22 13:47:34, 
,default,Seqnum Addition,admin,2024-08-22 13:48:06, 
,default,Falling Plates,admin,2024-08-26 22:00:34, 
,default,Bullseye Challenge,admin,2024-08-26 22:01:58, 
,default,Falling Plates,admin,2024-09-01 19:46:12, 
,,Basic Target,admin,2024-09-14 21:23:04, 
,,Basic Target,admin,2024-09-14 21:29:40, 
,default,IPEC Man 4,admin,2024-09-14 22:27:29, 
,default,Diverse Bullseye,admin,2024-09-14 22:43:24, 
,,Basic Target,admin,2024-09-16 20:53:26, 
,,Basic Target,admin,2024-09-16 21:03:00, 
,,Basic Target,admin,2024-09-16 23:25:40, 
,default,Diverse Bullseye,admin,2024-09-16 23:35:06, 
,default,Diverse Bullseye,admin,2024-09-16 23:35:31, 
,default,Diverse Bullseye,admin,2024-09-16 23:36:01, 
,default,Diverse Bullseye,admin,2024-09-16 23:36:28, 
,default,Man Threat 2,admin,2024-09-16 23:37:15, 
,default,Man Threat 2,admin,2024-09-16 23:38:11, 
,default,Man Threat 2,admin,2024-09-16 23:42:55, 
,default,Falling Plates,admin,2024-09-17 19:24:27, 
,default,Falling Plates,admin,2024-09-17 19:24:45, 
,default,Falling Plates,admin,2024-09-17 19:26:52, 
,default,Falling Plates,admin,2024-09-17 19:26:58, 
,default,Falling Plates,admin,2024-09-17 19:27:18, 
,default,Falling Plates,admin,2024-09-17 19:27:21, 
,default,Falling Plates,admin,2024-09-17 19:27:50, 
,default,Falling Plates,admin,2024-09-17 19:31:44, 
,default,Falling Plates,admin,2024-09-17 19:36:25, 
,default,Falling Plates,admin,2024-09-17 19:36:59, 
,default,Falling Plates,admin,2024-09-17 19:37:11, 
,default,Falling Plates,admin,2024-09-17 19:37:20, 
,default,Falling Plates,admin,2024-09-17 19:37:31, 
,,Basic Target,admin,2024-09-18 21:34:52, 
,default,Basic Target,admin,2024-09-18 21:34:58, 
,,Basic Target,admin,2024-09-18 21:36:03, 
,,Basic Target,admin,2024-09-18 21:41:39, 
,,Basic Target,admin,2024-09-18 21:43:24, 
,,Basic Target,admin,2024-09-18 21:51:20, 
,default,Diverse Bullseye,admin,2024-09-18 21:52:18, 
,,Basic Target,admin,2024-09-18 21:53:53, 
,default,Seqnum Addition,admin,2024-09-18 22:15:02, 
,default,Seqnum Addition,admin,2024-09-18 22:15:28, 
,,Basic Target,admin,2024-10-15 21:57:33, 
,default,Bullseye Challenge,admin,2024-10-17 21:52:57, 
,,Basic Target,admin,2024-11-04 23:10:45, 
,,Basic Target,admin,2024-11-05 03:13:19, 
,,Basic Target,admin,2024-11-05 03:14:26, 
,,Basic Target,admin,2024-11-05 03:19:08, 
,,Basic Target,admin,2024-11-05 03:20:20, 
,,Basic Target,admin,2024-11-05 03:23:13, 
,,Basic Target,admin,2024-11-05 03:28:02, 
,,Basic Target,admin,2024-11-05 03:35:13, 
,,Basic Target,admin,2024-11-05 05:52:04, 
,,Basic Target,admin,2024-11-05 05:53:22, 
,,Basic Target,admin,2024-11-05 05:59:15, 
,,Basic Target,admin,2024-11-05 06:01:55, 
,,Basic Target,admin,2024-11-05 06:03:51, 
,,Basic Target,admin,2024-11-05 06:10:15, 
,,Basic Target,admin,2024-11-05 06:12:21, 
,default,Basic Target,admin,2024-11-05 06:13:26, 
,default,Basic Target,admin,2024-11-05 06:13:58, 
,default,Basic Target,admin,2024-11-05 06:14:16, 
,default,Basic Target,admin,2024-11-05 06:14:36, 
,,Basic Target,admin,2024-11-05 06:19:41, 
,,Basic Target,admin,2024-11-05 06:27:08, 
,,Basic Target,admin,2024-11-05 06:29:50, 
,,Basic Target,admin,2024-11-05 06:32:26, 
,,Basic Target,admin,2024-11-05 06:34:12, 
,,Basic Target,admin,2024-11-05 06:41:58, 
,default,Rising Target,admin,2024-11-05 06:42:45, 
,,Basic Target,admin,2024-11-05 06:43:58, 
,default,Rising Target,admin,2024-11-05 06:44:21, 
,default,Bullseye Challenge,admin,2024-11-05 06:44:42, 
,default,Bullseye Challenge,admin,2024-11-05 06:45:13, 
,,Basic Target,admin,2024-11-05 06:49:24, 
,default,Bullseye Challenge,admin,2024-11-05 06:49:46, 
,default,Bullseye Challenge,admin,2024-11-05 06:50:13, 
,,Basic Target,admin,2024-11-05 20:34:21, 
,default,Basic Target,admin,2024-11-05 20:37:13, 
,default,Basic Target,admin,2024-11-05 20:39:26, 
,,Basic Target,admin,2024-11-05 20:46:07, 
,,Basic Target,admin,2024-11-05 21:01:33, 
,,Basic Target,admin,2024-11-05 21:12:47, 
,,Basic Target,admin,2024-11-06 10:16:10, 
,,Basic Target,admin,2024-11-06 10:26:15, 
,,Basic Target,admin,2024-11-06 10:28:18, 
,,Basic Target,admin,2024-11-06 10:34:20, 
,default,Rising Target,admin,2024-11-06 10:39:22, 
,default,Bullseye Challenge,admin,2024-11-06 10:39:40, 
,,Distance Simulator,admin,2024-11-06 11:19:49, 
,,Basic Target,admin,2024-11-06 19:03:31, 
,default,Basic Target,admin,2024-11-06 19:04:48, 
,,Basic Target,admin,2024-11-06 20:39:17, 
,,Basic Target,admin,2024-11-07 05:53:37, 
,,Basic Target,admin,2024-11-07 06:21:13, 
,default,Distance Simulator,admin,2024-11-07 06:25:10, 
,default,Distance Simulator,admin,2024-11-07 06:30:31, 
,default,Bullseye Challenge,admin,2024-11-07 06:31:12, 
,,Basic Target,admin,2024-11-07 06:35:00, 
,,Basic Target,admin,2024-11-07 06:37:30, 
,,Basic Target,admin,2024-11-07 06:39:17, 
,default,ROYGBIV,admin,2024-11-07 06:40:38, 
,,Basic Target,admin,2024-11-12 00:51:29, 
,,Basic Target,admin,2024-11-12 11:16:21, 
,,Basic Target,admin,2024-11-13 00:01:24, 
,,Basic Target,admin,2024-11-13 00:29:49, 
,,Basic Target,admin,2024-11-13 00:32:38, 
,,Basic Target,admin,2024-11-13 00:49:22, 
,,Basic Target,admin,2024-11-13 00:52:28, 
,,Basic Target,admin,2024-11-13 01:00:16, 
,,Basic Target,admin,2024-11-13 01:04:21, 
,,Basic Target,admin,2024-11-13 01:20:41, 
,,Basic Target,admin,2024-11-13 01:25:20, 
,,Basic Target,admin,2024-11-13 01:34:21, 
,,Basic Target,admin,2024-11-13 01:37:24, 
,,Basic Target,admin,2024-11-13 01:43:49, 
,,Basic Target,admin,2024-11-13 01:48:57, 
,,Basic Target,admin,2024-11-13 01:53:10, 
,,Basic Target,admin,2024-11-13 01:55:19, 
,,Basic Target,admin,2024-11-13 01:57:15, 
,,Basic Target,admin,2024-11-13 02:00:02, 
,,Basic Target,admin,2024-11-13 02:01:23, 
,,Basic Target,admin,2024-11-13 02:03:11, 
,,Basic Target,admin,2024-11-13 02:04:29, 
,,Basic Target,admin,2024-11-13 09:05:00, 
,default,Distance Simulator,admin,2024-11-13 09:06:10, 
,,Basic Target,admin,2024-11-13 10:21:55, 
,,Basic Target,admin,2024-11-13 10:31:07, 
,,Basic Target,admin,2024-11-13 10:55:49, 
,,Basic Target,admin,2024-11-13 10:57:40, 
,,Basic Target,admin,2024-11-13 10:58:21, 
,,Basic Target,admin,2024-11-13 10:59:05, 
,,Basic Target,admin,2024-11-13 11:04:54, 
,,Basic Target,admin,2024-11-13 11:10:14, 
,default,Basic Target,admin,2024-11-13 11:10:27, 
,,Basic Target,admin,2024-11-13 11:12:33, 
,,Basic Target,admin,2024-11-13 11:14:25, 
,,Basic Target,admin,2024-11-13 11:19:55, 
,,Basic Target,admin,2024-11-13 11:20:25, 
,,Basic Target,admin,2024-11-13 11:26:19, 
,,Basic Target,admin,2024-11-13 11:29:23, 
,,Basic Target,admin,2024-11-13 11:32:33, 
,,Basic Target,admin,2024-11-13 11:35:45, 
,,Basic Target,admin,2024-11-13 11:41:50, 
,,Basic Target,admin,2024-11-13 11:47:16, 
,,Basic Target,admin,2024-11-13 11:51:04, 
,,Basic Target,admin,2024-11-13 11:56:59, 
,,Basic Target,admin,2024-11-13 12:01:23, 
,,Basic Target,admin,2024-11-13 12:04:19, 
,,Basic Target,admin,2024-11-13 12:14:56, 
,,Basic Target,admin,2024-11-13 12:18:50, 
,,Basic Target,admin,2024-11-13 12:22:06, 
,,Basic Target,admin,2024-11-13 12:28:55, 
,,Basic Target,admin,2024-11-13 12:32:02, 
,,Basic Target,admin,2024-11-13 12:41:54, 
,,Basic Target,admin,2024-11-13 12:43:22, 
,,Basic Target,admin,2024-11-13 12:45:21, 
,,Basic Target,admin,2024-11-13 12:46:22, 
,,Basic Target,admin,2024-11-13 12:47:40, 
,,Basic Target,admin,2024-11-13 12:49:19, 
,,Basic Target,admin,2024-11-13 12:52:12, 
,,Basic Target,admin,2024-11-13 12:59:27, 
,,Basic Target,admin,2024-11-13 13:07:32, 
,,Basic Target,admin,2024-11-13 13:14:08, 
,default,Basic Target,admin,2024-11-13 13:14:36, 
,,Basic Target,admin,2024-11-13 13:19:58, 
,,Basic Target,admin,2024-11-13 13:25:54, 
,,Basic Target,admin,2024-11-13 13:29:39, 
,default,Basic Target,admin,2024-11-13 13:30:36, 
,default,Basic Target,admin,2024-11-13 13:30:45, 
,,Basic Target,admin,2024-11-13 13:33:34, 
,default,Bullseye Challenge,admin,2024-11-13 13:34:27, 
,,Basic Target,admin,2024-11-13 13:37:26, 
,default,Basic Target,admin,2024-11-13 13:41:46, 
,default,Basic Target,admin,2024-11-13 13:41:59, 
,,Basic Target,admin,2024-11-13 13:46:52, 
,,Basic Target,admin,2024-11-13 13:48:36, 
,,Basic Target,admin,2024-11-13 13:56:46, 
,default,Basic Target,admin,2024-11-13 13:57:14, 
,,Basic Target,admin,2024-11-13 14:01:20, 
,,Basic Target,admin,2024-11-13 14:03:38, 
,,Basic Target,admin,2024-11-13 14:05:09, 
,,Basic Target,admin,2024-11-13 14:09:54, 
,,Basic Target,admin,2024-11-13 14:11:08, 
,,Basic Target,admin,2024-11-13 14:12:52, 
,,Basic Target,admin,2024-11-13 14:16:09, 
,,Basic Target,admin,2024-11-13 14:22:17, 
,default,Basic Target,admin,2024-11-13 14:23:04, 
,default,Basic Target,admin,2024-11-13 14:23:19, 
,,Basic Target,admin,2024-11-13 14:26:59, 
,,Basic Target,admin,2024-11-13 14:30:55, 
,default,Basic Target,admin,2024-11-13 14:31:48, 
,,Basic Target,admin,2024-11-13 14:34:14, 
,,Basic Target,admin,2024-11-13 14:42:41, 
,,Basic Target,admin,2024-11-13 14:51:43, 
,,Basic Target,admin,2024-11-13 14:52:30, 
,,Basic Target,admin,2024-11-13 14:54:46, 
,,Basic Target,admin,2024-11-13 14:55:37, 
,,Basic Target,admin,2024-11-13 14:57:24, 
,,Basic Target,admin,2024-11-13 14:58:15, 
,,Basic Target,admin,2024-11-13 14:59:46, 
,,Basic Target,admin,2024-11-13 15:00:32, 
,,Basic Target,admin,2024-11-13 15:01:46, 
,,Basic Target,admin,2024-11-13 15:03:08, 
,,Basic Target,admin,2024-11-13 15:05:06, 
,,Basic Target,admin,2024-11-13 15:05:49, 
,,Basic Target,admin,2024-11-13 15:07:07, 
,,Basic Target,admin,2024-11-13 15:09:39, 
,,Basic Target,admin,2024-11-13 15:13:21, 
,,Basic Target,admin,2024-11-13 15:17:45, 
,,Basic Target,admin,2024-11-13 15:19:28, 
,,Basic Target,admin,2024-11-13 15:21:34, 
,,Basic Target,admin,2024-11-13 15:24:08, 
,,Basic Target,admin,2024-11-13 15:27:05, 
,default,Basic Target,admin,2024-11-13 15:27:08, 
,default,Basic Target,admin,2024-11-13 15:27:17, 
,,Basic Target,admin,2024-11-13 15:27:55, 
,,Basic Target,admin,2024-11-13 15:29:18, 
,,Basic Target,admin,2024-11-13 15:47:49, 
,,Basic Target,admin,2024-11-13 15:49:11, 
,default,Bullseye Challenge,admin,2024-11-13 15:51:21, 
,default,Bullseye Challenge,admin,2024-11-13 15:52:07, 
,,Basic Target,admin,2024-11-13 15:54:20, 
,default,Bullseye Challenge,admin,2024-11-13 15:55:16, 
,,Basic Target,admin,2024-11-13 15:58:06, 
,,Basic Target,admin,2024-11-13 15:59:09, 
,,Basic Target,admin,2024-11-13 16:00:26, 
,,Basic Target,admin,2024-11-13 16:02:19, 
,,Basic Target,admin,2024-11-13 16:04:27, 
,,Basic Target,admin,2024-11-13 16:05:27, 
,,Basic Target,admin,2024-11-13 16:18:26, 
,,Basic Target,admin,2024-11-13 16:20:24, 
,,Basic Target,admin,2024-11-13 16:27:14, 
,,Basic Target,admin,2024-11-13 16:29:31, 
,,Basic Target,admin,2024-11-13 16:30:17, 
,,Basic Target,admin,2024-11-13 16:45:24, 
,default,Basic Target,admin,2024-11-13 16:45:27, 
,,Bullseye Challenge,admin,2024-11-13 16:54:30, 
,,Basic Target,admin,2024-11-13 16:56:18, 
,default,Basic Target,admin,2024-11-13 16:56:43, 
,,Basic Target,admin,2024-11-13 19:57:17, 
,,Basic Target,admin,2024-11-13 20:17:08, 
,,Basic Target,admin,2024-11-13 20:34:22, 
,,Basic Target,admin,2024-11-13 20:35:04, 
,,Basic Target,admin,2024-11-13 20:45:33, 
,,Basic Target,admin,2024-11-13 21:26:28, 
,,Basic Target,admin,2024-11-13 21:29:55, 
,,Basic Target,admin,2024-11-13 21:32:47, 
,,Basic Target,admin,2024-11-13 21:38:24, 
,,Basic Target,admin,2024-11-13 21:40:54, 
,,Basic Target,admin,2024-11-13 21:43:16, 
,,Basic Target,admin,2024-11-13 21:45:35, 
,default,Basic Target,admin,2024-11-13 21:45:48, 
,default,Basic Target,admin,2024-11-13 21:46:35, 
,default,Basic Target,admin,2024-11-13 21:48:34, 
,,Basic Target,admin,2024-11-13 22:55:49, 
,,Basic Target,admin,2024-11-13 22:57:27, 
,,Basic Target,admin,2024-11-13 23:00:16, 
,,Basic Target,admin,2024-11-13 23:03:32, 
,,Basic Target,admin,2024-11-13 23:05:15, 
,,Basic Target,admin,2024-11-13 23:06:50, 
,,Basic Target,admin,2024-11-13 23:08:43, 
,,Basic Target,admin,2024-11-13 23:12:40, 
,,Basic Target,admin,2024-11-13 23:15:28, 
,,Basic Target,admin,2024-11-13 23:21:36, 
,,Basic Target,admin,2024-11-13 23:25:03, 
,,Basic Target,admin,2024-11-13 23:28:30, 
,,Basic Target,admin,2024-11-13 23:29:59, 
,,Basic Target,admin,2024-11-13 23:31:15, 
,,Basic Target,admin,2024-11-13 23:34:22, 
,,Basic Target,admin,2024-11-13 23:36:01, 
,,Basic Target,admin,2024-11-13 23:37:47, 
,,Basic Target,admin,2024-11-13 23:38:34, 
,,Basic Target,admin,2024-11-13 23:39:08, 
,,Basic Target,admin,2024-11-13 23:41:58, 
,,Basic Target,admin,2024-11-13 23:45:05, 
,,Basic Target,admin,2024-11-13 23:46:21, 
,default,Bullseye Challenge,admin,2024-11-13 23:47:49, 
,,Rising Target,admin,2024-11-13 23:51:07, 
,default,Ascending Balloons,admin,2024-11-13 23:51:28, 
,default,Rising Target,admin,2024-11-13 23:52:04, 
,,Basic Target,admin,2024-11-14 09:27:10, 
,default,Basic Target,admin,2024-11-14 09:29:39, 
,,Basic Target,admin,2024-11-14 09:31:02, 
,,Basic Target,admin,2024-11-14 09:32:32, 
,,Basic Target,admin,2024-11-14 09:36:40, 
,,Basic Target,admin,2024-11-14 09:42:31, 
,,Basic Target,admin,2024-11-14 09:44:39, 
,,Basic Target,admin,2024-11-14 20:03:48, 
,,Ascending Balloons,admin,2024-11-14 20:04:53, 
,,Basic Target,admin,2024-11-14 20:05:52, 
,,Basic Target,admin,2024-11-14 20:11:11, 
,default,Bullseye Challenge,admin,2024-11-14 20:12:21, 
,,Basic Target,admin,2024-11-15 11:00:07, 
,,Basic Target,admin,2024-11-15 11:06:08, 
,default,Bullseye Challenge,admin,2024-11-15 11:06:30, 
,,Basic Target,admin,2024-11-15 12:29:37, 
,,Basic Target,admin,2024-11-15 12:30:29, 
,,Basic Target,admin,2024-11-15 12:58:38, 
,,Basic Target,admin,2024-11-15 12:59:02, 
,,Basic Target,admin,2024-11-15 12:59:26, 
,default,Basic Target,admin,2024-11-15 12:59:40, 
,,Basic Target,admin,2024-11-15 13:51:46, 
,default,Basic Target,admin,2024-11-15 13:52:07, 
,,Basic Target,admin,2024-11-15 14:04:12, 
,,Basic Target,admin,2024-11-18 10:55:07, 
,,Bullseye Challenge,admin,2024-11-18 11:11:17, 
,,Bullseye Challenge,admin,2024-11-18 11:15:16, 
,,Basic Target,admin,2024-11-19 00:19:36, 
,,Basic Target,admin,2024-11-19 00:21:28, 
,,Basic Target,admin,2024-11-19 00:23:34, 
,,Basic Target,admin,2024-11-19 00:38:33, 
,,Basic Target,admin,2024-11-19 00:39:24, 
,,Basic Target,admin,2024-11-19 00:41:07, 
,default,Basic Target,admin,2024-11-19 00:41:32, 
,,Basic Target,admin,2024-11-19 00:47:36, 
,default,Basic Target,admin,2024-11-19 00:48:28, 
,,Basic Target,admin,2024-11-19 00:51:32, 
,,Basic Target,admin,2024-11-19 00:52:31, 
,,Basic Target,admin,2024-11-19 00:52:59, 
,,Basic Target,admin,2024-11-19 00:53:31, 
,,Basic Target,admin,2024-11-19 00:59:20, 
,,Basic Target,admin,2024-11-19 01:05:47, 
,,Basic Target,admin,2024-11-19 01:08:06, 
,,Basic Target,admin,2024-11-19 01:08:51, 
,,Basic Target,admin,2024-11-19 01:11:40, 
,,Basic Target,admin,2024-11-19 01:12:36, 
,,Basic Target,admin,2024-11-19 01:13:36, 
,,Basic Target,admin,2024-11-19 01:14:55, 
,,Basic Target,admin,2024-11-19 01:16:58, 
,,Basic Target,admin,2024-11-19 01:18:53, 
,,Basic Target,admin,2024-11-19 01:19:59, 
,,Basic Target,admin,2024-11-19 01:20:59, 
,,Basic Target,admin,2024-11-19 01:21:35, 
,,Basic Target,admin,2024-11-19 01:22:09, 
,default,Basic Target,admin,2024-11-19 01:23:03, 
,,Basic Target,admin,2024-11-19 01:25:09, 
,,Basic Target,admin,2024-11-19 01:27:21, 
,,Basic Target,admin,2024-11-19 01:28:13, 
,default,Basic Target,admin,2024-11-19 01:28:45, 
,,Basic Target,admin,2024-11-19 01:29:47, 
,default,Basic Target,admin,2024-11-19 01:30:29, 
,,Basic Target,admin,2024-11-19 01:31:25, 
,,Basic Target,admin,2024-11-19 01:32:30, 
,,Basic Target,admin,2024-11-19 01:33:08, 
,,Basic Target,admin,2024-11-19 01:33:33, 
,,Basic Target,admin,2024-11-19 01:34:09, 
,,Basic Target,admin,2024-11-19 01:35:16, 
,,Basic Target,admin,2024-11-19 01:39:59, 
,,Basic Target,admin,2024-11-19 01:48:18, 
,,Basic Target,admin,2024-11-19 01:50:37, 
,,Basic Target,admin,2024-11-19 01:52:18, 
,,Basic Target,admin,2024-11-19 02:02:53, 
,,Basic Target,admin,2024-11-19 02:12:02, 
,default,Basic Target,admin,2024-11-19 02:12:29, 
,,Basic Target,admin,2024-11-19 02:13:35, 
,default,Basic Target,admin,2024-11-19 02:14:15, 
,,Basic Target,admin,2024-11-19 02:14:43, 
,default,Basic Target,admin,2024-11-19 02:15:08, 
,,Basic Target,admin,2024-11-19 02:15:39, 
,,Basic Target,admin,2024-11-19 02:16:08, 
,,Basic Target,admin,2024-11-19 02:17:07, 
,default,Basic Target,admin,2024-11-19 02:17:28, 
,default,Basic Target,admin,2024-11-19 02:17:45, 
,default,Basic Target,admin,2024-11-19 02:18:05, 
,,Basic Target,admin,2024-11-19 02:21:19, 
,,Basic Target,admin,2024-11-19 02:23:06, 
,,Basic Target,admin,2024-11-19 02:23:40, 
,,Basic Target,admin,2024-11-19 02:25:45, 
,,Basic Target,admin,2024-11-19 02:26:19, 
,,Basic Target,admin,2024-11-19 02:26:46, 
,,Basic Target,admin,2024-11-19 02:27:15, 
,,Basic Target,admin,2024-11-19 02:28:00, 
,,Basic Target,admin,2024-11-19 18:24:58, 
,,Basic Target,admin,2024-11-19 18:27:23, 
,default,Basic Target,admin,2024-11-19 18:27:57, 
,,Basic Target,admin,2024-11-19 18:54:05, 
,,Basic Target,admin,2024-11-19 19:08:46, 
,,Basic Target,admin,2024-11-19 19:13:10, 
,,Basic Target,admin,2024-11-19 19:19:25, 
,,Basic Target,admin,2024-11-19 19:22:35, 
,,Basic Target,admin,2024-11-19 19:27:45, 
,default,Basic Target,admin,2024-11-19 19:28:31, 
,,Basic Target,admin,2024-11-19 19:39:42, 
,,Basic Target,admin,2024-11-19 19:41:03, 
,,Basic Target,admin,2024-11-19 20:00:52, 
,,Basic Target,admin,2024-11-19 20:07:40, 
,,Basic Target,admin,2024-11-19 20:08:56, 
,default,Basic Target,admin,2024-11-19 20:10:14, 
,default,Basic Target,admin,2024-11-19 20:10:59, 
,,Basic Target,admin,2024-11-20 00:11:23, 
,,Basic Target,admin,2024-11-20 00:15:56, 
,,Basic Target,admin,2024-11-20 00:41:14, 
,,Basic Target,admin,2024-11-20 00:44:38, 
,,Basic Target,admin,2024-11-20 00:45:49, 
,,Basic Target,admin,2024-11-20 00:49:06, 
,,Basic Target,admin,2024-11-20 01:02:30, 
,,Basic Target,admin,2024-11-20 01:05:02, 
,,Basic Target,admin,2024-11-20 01:12:43, 
,,Basic Target,admin,2024-11-20 01:13:54, 
,,Basic Target,admin,2024-11-20 01:14:28, 
,,Basic Target,admin,2024-11-20 01:20:43, 
,,Basic Target,admin,2024-11-20 01:27:27, 
,,Basic Target,admin,2024-11-20 01:30:03, 
,,Basic Target,admin,2024-11-20 01:34:10, 
,,Basic Target,admin,2024-11-20 01:40:23, 
,,Basic Target,admin,2024-11-20 01:47:04, 
,,Basic Target,admin,2024-11-20 01:49:30, 
,,Basic Target,admin,2024-11-20 01:54:31, 
,default,Basic Target,admin,2024-11-20 01:54:36, 
,,Basic Target,admin,2024-11-20 01:55:04, 
,,Basic Target,admin,2024-11-20 01:56:36, 
,default,Basic Target,admin,2024-11-20 01:56:49, 
,,Basic Target,admin,2024-11-20 01:57:53, 
,default,Basic Target,admin,2024-11-20 01:58:03, 
,default,Basic Target,admin,2024-11-20 01:58:20, 
,,Basic Target,admin,2024-11-20 02:01:45, 
,,Basic Target,admin,2024-11-20 02:05:27, 
,,Basic Target,admin,2024-11-20 02:10:24, 
,default,Basic Target,admin,2024-11-20 02:11:07, 
,,Basic Target,admin,2024-11-20 02:32:06, 
,default,Basic Target,admin,2024-11-20 02:32:35, 
,default,Basic Target,admin,2024-11-20 02:32:46, 
,,Basic Target,admin,2024-11-20 02:34:59, 
,,Basic Target,admin,2024-11-20 02:36:02, 
,,Basic Target,admin,2024-11-20 02:40:15, 
,,Basic Target,admin,2024-11-20 02:40:39, 
,,Basic Target,admin,2024-11-20 02:42:55, 
,,Basic Target,admin,2024-11-20 02:44:05, 
,,Basic Target,admin,2024-11-20 02:45:54, 
,default,Basic Target,admin,2024-11-20 02:47:22, 
,default,Basic Target,admin,2024-11-20 02:47:55, 
,,Basic Target,admin,2024-11-20 02:49:32, 
,,Basic Target,admin,2024-11-20 02:53:17, 
,,Basic Target,admin,2024-11-20 02:57:37, 
,,Basic Target,admin,2024-11-20 03:00:42, 
,,Basic Target,admin,2024-11-20 03:04:05, 
,,Basic Target,admin,2024-11-20 03:08:30, 
,,Basic Target,admin,2024-11-20 03:09:14, 
,,Basic Target,admin,2024-11-20 03:11:49, 
,,Basic Target,admin,2024-11-20 03:12:48, 
,,Basic Target,admin,2024-11-20 03:15:01, 
,,Basic Target,admin,2024-11-20 03:23:19, 
,default,Basic Target,admin,2024-11-20 03:24:21, 
,,Basic Target,admin,2024-11-20 03:26:46, 
,,Basic Target,admin,2024-11-20 03:36:52, 
,,Basic Target,admin,2024-11-20 03:39:32, 
,,Basic Target,admin,2024-11-20 03:41:01, 
,,Basic Target,admin,2024-11-20 03:43:09, 
,,Basic Target,admin,2024-11-20 03:45:29, 
,,Basic Target,admin,2024-11-20 03:46:27, 
,,Basic Target,admin,2024-11-20 03:52:15, 
,,Basic Target,admin,2024-11-20 03:52:50, 
,,Basic Target,admin,2024-11-20 03:59:18, 
,,Basic Target,admin,2024-11-20 04:03:12, 
,,Basic Target,admin,2024-11-20 04:06:01, 
,,Basic Target,admin,2024-11-20 04:08:17, 
,default,Basic Target,admin,2024-11-20 04:08:44, 
,default,Basic Target,admin,2024-11-20 04:08:57, 
,,Basic Target,admin,2024-11-20 04:09:53, 
,,Basic Target,admin,2024-11-20 04:10:54, 
,,Basic Target,admin,2024-11-20 04:12:44, 
,,Basic Target,admin,2024-11-20 10:49:31, 
,,Basic Target,admin,2024-11-20 10:51:26, 
,,Basic Target,admin,2024-11-20 10:52:48, 
,default,Basic Target,admin,2024-11-20 10:53:10, 
,,Basic Target,admin,2024-11-20 10:57:22, 
,,Basic Target,admin,2024-11-20 10:58:24, 
,,Basic Target,admin,2024-11-20 11:03:08, 
,,Basic Target,admin,2024-11-20 11:04:31, 
,,Basic Target,admin,2024-11-20 11:05:39, 
,,Basic Target,admin,2024-11-20 11:08:35, 
,,Basic Target,admin,2024-11-20 11:12:23, 
,,Basic Target,admin,2024-11-20 11:18:08, 
,,Basic Target,admin,2024-11-20 11:21:50, 
,,Basic Target,admin,2024-11-20 11:22:58, 
,,Basic Target,admin,2024-11-20 11:33:18, 
,default,Basic Target,admin,2024-11-20 11:33:50, 
,,Basic Target,admin,2024-11-20 11:38:15, 
,,Basic Target,admin,2024-11-20 11:39:25, 
,,Basic Target,admin,2024-11-20 11:41:01, 
,,Basic Target,admin,2024-11-20 11:46:35, 
,,Basic Target,admin,2024-11-20 11:49:49, 
,default,Basic Target,admin,2024-11-20 11:50:18, 
,,Basic Target,admin,2024-11-20 11:56:07, 
,,Basic Target,admin,2024-11-20 12:17:29, 
,,Basic Target,admin,2024-11-20 12:42:56, 
,default,Basic Target,admin,2024-11-20 12:43:21, 
,default,Basic Target,admin,2024-11-20 12:43:48, 
,,Basic Target,admin,2024-11-20 12:48:01, 
,,Basic Target,admin,2024-11-20 12:55:46, 
,default,Basic Target,admin,2024-11-20 12:56:19, 
,default,Basic Target,admin,2024-11-20 12:56:31, 
,default,Basic Target,admin,2024-11-20 12:56:42, 
,default,Basic Target,admin,2024-11-20 12:56:57, 
,,Basic Target,admin,2024-11-20 13:01:51, 
,,Basic Target,admin,2024-11-20 13:10:15, 
,,Basic Target,admin,2024-11-20 13:11:32, 
,,Basic Target,admin,2024-11-20 13:23:02, 
,,Basic Target,admin,2024-11-20 13:24:06, 
,,Basic Target,admin,2024-11-20 13:29:04, 
,,Basic Target,admin,2024-11-20 13:31:53, 
,,Basic Target,admin,2024-11-20 13:37:31, 
,,Basic Target,admin,2024-11-20 13:38:30, 
,,Basic Target,admin,2024-11-20 13:42:55, 
,,Basic Target,admin,2024-11-20 13:45:32, 
,default,Basic Target,admin,2024-11-20 13:45:47, 
,,Basic Target,admin,2024-11-20 13:47:07, 
,,Basic Target,admin,2024-11-20 13:55:07, 
,,Basic Target,admin,2024-11-20 13:57:30, 
,,Basic Target,admin,2024-11-20 14:05:58, 
,,Basic Target,admin,2024-11-20 14:07:05, 
,,Basic Target,admin,2024-11-20 14:12:59, 
,,Basic Target,admin,2024-11-20 14:20:34, 
,default,Basic Target,admin,2024-11-20 14:20:46, 
,,Basic Target,admin,2024-11-20 14:26:54, 
,,Basic Target,admin,2024-11-20 14:29:45, 
,,Basic Target,admin,2024-11-20 14:35:43, 
,default,Basic Target,admin,2024-11-20 14:35:49, 
,default,Basic Target,admin,2024-11-20 14:35:52, 
,default,Basic Target,admin,2024-11-20 14:36:03, 
,,Basic Target,admin,2024-11-20 14:43:30, 
,,Basic Target,admin,2024-11-20 14:44:07, 
,,Basic Target,admin,2024-11-20 14:44:50, 
,,Basic Target,admin,2024-11-20 14:47:46, 
,,Basic Target,admin,2024-11-20 14:49:07, 
,,Basic Target,admin,2024-11-20 15:03:26, 
,,Basic Target,admin,2024-11-20 15:05:50, 
,,Distance Simulator,admin,2024-11-20 15:08:50, 
,,Basic Target,admin,2024-11-20 15:19:52, 
,default,Basic Target,admin,2024-11-20 15:20:17, 
,,Basic Target,admin,2024-11-20 15:23:12, 
,,Basic Target,admin,2024-11-20 15:26:26, 
,default,Basic Target,admin,2024-11-20 15:26:38, 
,,Basic Target,admin,2024-11-20 15:32:32, 
,,Basic Target,admin,2024-11-20 15:36:09, 
,,Basic Target,admin,2024-11-20 15:37:13, 
,,Basic Target,admin,2024-11-20 15:37:53, 
,,Basic Target,admin,2024-11-20 15:38:53, 
,,Basic Target,admin,2024-11-20 15:39:34, 
,,Basic Target,admin,2024-11-20 15:41:14, 
,,Basic Target,admin,2024-11-20 15:42:59, 
,,Basic Target,admin,2024-11-20 15:44:48, 
,,Basic Target,admin,2024-11-20 15:45:17, 
,default,Basic Target,admin,2024-11-20 15:45:33, 
,,Basic Target,admin,2024-11-20 19:28:57, 
,,Basic Target,admin,2024-11-20 19:29:53, 
,,Basic Target,admin,2024-11-20 19:30:47, 
,,Basic Target,admin,2024-11-20 19:31:13, 
,,Basic Target,admin,2024-11-20 20:29:09, 
,,Basic Target,admin,2024-11-20 20:33:53, 
,,Basic Target,admin,2024-11-20 20:38:31, 
,,Basic Target,admin,2024-11-20 20:44:00, 
,,Basic Target,admin,2024-11-20 20:48:25, 
,,Basic Target,admin,2024-11-20 21:32:13, 
,,Basic Target,admin,2024-11-20 21:33:37, 
,,Basic Target,admin,2024-11-20 21:34:12, 
,default,Basic Target,admin,2024-11-20 21:34:46, 
,,Basic Target,admin,2024-11-20 21:36:14, 
,,Basic Target,admin,2024-11-20 21:36:49, 
,,Basic Target,admin,2024-11-20 21:47:20, 
,,Basic Target,admin,2024-11-20 21:48:13, 
,,Basic Target,admin,2024-11-20 21:51:15, 
,,Basic Target,admin,2024-11-20 21:51:54, 
,,Basic Target,admin,2024-11-20 21:52:51, 
,,Basic Target,admin,2024-11-20 21:53:45, 
,default,Basic Target,admin,2024-11-20 21:54:22, 
,,Basic Target,admin,2024-11-20 22:05:44, 
,,Basic Target,admin,2024-11-20 22:07:04, 
,,Basic Target,admin,2024-11-20 22:09:56, 
,,Basic Target,admin,2024-11-20 22:11:30, 
,,Basic Target,admin,2024-11-20 22:15:25, 
,,Basic Target,admin,2024-11-20 22:17:05, 
,,Basic Target,admin,2024-11-20 22:19:40, 
,,Basic Target,admin,2024-11-20 22:20:29, 
,,Basic Target,admin,2024-11-20 22:21:28, 
,,Hidden Shape,admin,2024-11-20 22:23:17, 
,,Basic Target,admin,2024-11-20 22:47:43, 
,default,Basic Target,admin,2024-11-20 22:47:52, 
,default,Basic Target,admin,2024-11-20 22:48:02, 
,,Basic Target,admin,2024-11-20 22:49:58, 
,,Basic Target,admin,2024-11-20 22:53:57, 
,,Basic Target,admin,2024-11-20 22:55:46, 
,,Basic Target,admin,2024-11-20 22:57:26, 
,,Basic Target,admin,2024-11-21 11:32:56, 
,default,Basic Target,admin,2024-11-21 11:33:08, 
,default,Basic Target,admin,2024-11-21 11:33:34, 
,,Basic Target,admin,2024-11-21 11:48:58, 
,default,Basic Target,admin,2024-11-21 11:49:20, 
,,Basic Target,admin,2024-11-21 11:52:12, 
,default,Basic Target,admin,2024-11-21 11:52:55, 
,default,Basic Target,admin,2024-11-21 11:53:17, 
,,Basic Target,admin,2024-11-21 11:54:33, 
,default,Basic Target,admin,2024-11-21 11:55:14, 
,default,Basic Target,admin,2024-11-21 11:55:49, 
,default,Basic Target,admin,2024-11-21 11:56:11, 
,default,Basic Target,admin,2024-11-21 11:56:35, 
,default,Basic Target,admin,2024-11-21 11:56:48, 
,,Basic Target,admin,2024-11-21 11:57:33, 
,,Basic Target,admin,2024-11-21 11:58:46, 
,,Basic Target,admin,2024-11-21 12:07:39, 
,default,Basic Target,admin,2024-11-21 12:07:54, 
,,Basic Target,admin,2024-11-21 12:10:05, 
,default,Basic Target,admin,2024-11-21 12:10:24, 
,default,Basic Target,admin,2024-11-21 12:10:48, 
,default,Ascending Balloons,admin,2024-11-21 20:45:16, 
,,Basic Target,admin,2024-11-21 21:31:46, 
,,Basic Target,admin,2024-11-22 13:16:55, 
,,Basic Target,admin,2024-11-22 13:36:02, 
,,Basic Target,admin,2024-11-22 13:37:38, 
,,Basic Target,admin,2024-11-22 14:00:00, 
,,Basic Target,admin,2024-11-22 14:03:06, 
,,Basic Target,admin,2024-11-22 14:18:04, 
,default,Basic Target,admin,2024-11-22 14:18:58, 
,,Basic Target,admin,2024-11-22 20:02:09, 
,,Basic Target,admin,2024-11-22 20:19:39, 
,,Basic Target,admin,2024-11-22 20:20:22, 
,,Basic Target,admin,2024-11-22 20:21:46, 
,,Basic Target,admin,2024-11-22 20:22:17, 
,,Basic Target,admin,2024-11-22 20:23:41, 
,,Basic Target,admin,2024-11-22 20:28:54, 
,,Basic Target,admin,2024-11-22 20:30:47, 
,,Basic Target,admin,2024-11-22 20:39:37, 
,,Basic Target,admin,2024-11-22 20:42:01, 
,,Basic Target,admin,2024-11-22 20:45:38, 
,,Basic Target,admin,2024-11-22 20:46:35, 
,,Basic Target,admin,2024-11-22 21:35:34, 
,,Basic Target,admin,2024-11-22 23:10:16, 
,default,Basic Target,admin,2024-11-22 23:10:33, 
,,Basic Target,admin,2024-11-23 00:07:45, 
,,Basic Target,admin,2024-11-23 00:08:46, 
,,Basic Target,admin,2024-11-23 00:15:06, 
,,Basic Target,admin,2024-11-23 00:16:03, 
,,Basic Target,admin,2024-11-23 00:16:41, 
,,Basic Target,admin,2024-11-23 00:18:13, 
,default,Basic Target,admin,2024-11-23 00:19:02, 
,,Basic Target,admin,2024-11-23 00:20:16, 
,,Basic Target,admin,2024-11-23 00:21:20, 
,default,Basic Target,admin,2024-11-23 00:21:52, 
,,Basic Target,admin,2024-11-23 00:22:52, 
,default,Basic Target,admin,2024-11-23 00:23:10, 
,,Basic Target,admin,2024-11-23 00:24:36, 
,,Basic Target,admin,2024-11-23 00:25:46, 
,default,Basic Target,admin,2024-11-23 00:26:03, 
,default,Basic Target,admin,2024-11-23 00:26:31, 
,,Basic Target,admin,2024-11-23 00:27:48, 
,default,Basic Target,admin,2024-11-23 00:28:11, 
,,Basic Target,admin,2024-11-23 00:34:04, 
,default,Basic Target,admin,2024-11-23 00:34:32, 
,,Basic Target,admin,2024-11-23 00:35:52, 
,,Basic Target,admin,2024-11-23 00:37:02, 
,,Basic Target,admin,2024-11-23 00:37:52, 
,,Basic Target,admin,2024-11-23 20:57:13, 
,default,Basic Target,admin,2024-11-23 20:58:10, 
,,Basic Target,admin,2024-11-23 21:00:29, 
,,Basic Target,admin,2024-11-23 21:02:30, 
,default,Basic Target,admin,2024-11-23 21:03:06, 
,,Basic Target,admin,2024-11-23 21:50:23, 
,,Basic Target,admin,2024-11-23 21:52:05, 
,,Basic Target,admin,2024-11-23 21:54:52, 
,,Basic Target,admin,2024-11-23 21:59:31, 
,,Basic Target,admin,2024-11-23 22:01:46, 
,,Basic Target,admin,2024-11-23 22:04:16, 
,,Basic Target,admin,2024-11-23 22:09:49, 
,,Basic Target,admin,2024-11-23 22:12:01, 
,,Basic Target,admin,2024-11-23 22:14:36, 
,,Basic Target,admin,2024-11-23 22:16:56, 
,,Basic Target,admin,2024-11-23 23:00:26, 
,default,Basic Target,admin,2024-11-23 23:00:43, 
,,Basic Target,admin,2024-11-23 23:04:59, 
,,Basic Target,admin,2024-11-23 23:06:37, 
,,Basic Target,admin,2024-11-23 23:09:32, 
,,Basic Target,admin,2024-11-23 23:12:01, 
,,Basic Target,admin,2024-11-23 23:22:20, 
,,Basic Target,admin,2024-11-23 23:23:47, 
,,Basic Target,admin,2024-11-23 23:24:28, 
,,Basic Target,admin,2024-11-23 23:26:09, 
,,Basic Target,admin,2024-11-23 23:27:21, 
,,Basic Target,admin,2024-11-23 23:34:40, 
,,Basic Target,admin,2024-11-23 23:36:34, 
,,Basic Target,admin,2024-11-23 23:40:03, 
,,Basic Target,admin,2024-11-23 23:41:37, 
,,Basic Target,admin,2024-11-23 23:45:29, 
,default,Basic Target,admin,2024-11-23 23:46:45, 
,,Basic Target,admin,2024-11-23 23:56:55, 
,,Basic Target,admin,2024-11-24 00:00:29, 
,,Basic Target,admin,2024-11-24 00:02:52, 
,default,Basic Target,admin,2024-11-24 00:03:13, 
,,Basic Target,admin,2024-11-24 00:11:53, 
,,Basic Target,admin,2024-11-24 00:12:17, 
,,Basic Target,admin,2024-11-24 00:14:02, 
,,Basic Target,admin,2024-11-24 00:15:25, 
,,Basic Target,admin,2024-11-24 00:16:22, 
,,Basic Target,admin,2024-11-24 00:23:39, 
,default,Basic Target,admin,2024-11-24 00:24:33, 
,,Basic Target,admin,2024-11-24 00:41:09, 
,default,Basic Target,admin,2024-11-24 00:41:58, 
,default,Basic Target,admin,2024-11-24 00:42:33, 
,default,Basic Target,admin,2024-11-24 00:43:11, 
,,Basic Target,admin,2024-11-24 00:44:16, 
,,Basic Target,admin,2024-11-24 00:46:14, 
,default,Basic Target,admin,2024-11-24 00:46:33, 
,,Basic Target,admin,2024-11-24 00:48:16, 
,,Basic Target,admin,2024-11-24 00:50:42, 
,default,Basic Target,admin,2024-11-24 00:51:28, 
,default,Basic Target,admin,2024-11-24 00:51:46, 
,,Basic Target,admin,2024-11-24 00:53:15, 
,,Basic Target,admin,2024-11-24 00:54:34, 
,,Basic Target,admin,2024-11-24 00:55:32, 
,,Basic Target,admin,2024-11-24 01:08:53, 
,,Basic Target,admin,2024-11-24 01:09:56, 
,,Basic Target,admin,2024-11-24 01:10:43, 
,,Basic Target,admin,2024-11-24 01:13:24, 
,,Basic Target,admin,2024-11-24 01:15:36, 
,,Basic Target,admin,2024-11-24 01:19:33, 
,,Basic Target,admin,2024-11-24 01:20:41, 
,,Basic Target,admin,2024-11-24 01:21:42, 
,,Basic Target,admin,2024-11-24 01:23:49, 
,,Basic Target,admin,2024-11-24 01:25:57, 
,,Basic Target,admin,2024-11-24 01:27:02, 
,,Basic Target,admin,2024-11-24 01:28:50, 
,,Basic Target,admin,2024-11-24 01:30:07, 
,,Basic Target,admin,2024-11-24 01:31:54, 
,default,Basic Target,admin,2024-11-24 01:33:08, 
,,Basic Target,admin,2024-11-24 01:37:15, 
,default,Basic Target,admin,2024-11-24 01:37:40, 
,default,Basic Target,admin,2024-11-24 01:38:11, 
,default,Basic Target,admin,2024-11-24 01:39:12, 
,,Basic Target,admin,2024-11-24 01:40:23, 
,,Basic Target,admin,2024-11-24 01:43:48, 
,,Basic Target,admin,2024-11-24 01:44:43, 
,,Basic Target,admin,2024-11-24 01:45:33, 
,,Basic Target,admin,2024-11-24 01:51:49, 
,,Basic Target,admin,2024-11-24 01:53:14, 
,,Basic Target,admin,2024-11-24 01:58:23, 
,default,Basic Target,admin,2024-11-24 02:00:46, 
,default,Basic Target,admin,2024-11-24 02:02:15, 
,,Basic Target,admin,2024-11-24 02:09:50, 
,,Basic Target,admin,2024-11-24 02:15:15, 
,,Basic Target,admin,2024-11-24 02:16:41, 
,,Basic Target,admin,2024-11-24 02:18:08, 
,,Basic Target,admin,2024-11-24 02:19:07, 
,,Basic Target,admin,2024-11-24 02:20:12, 
,,Basic Target,admin,2024-11-24 15:22:37, 
,,Basic Target,admin,2024-11-24 15:26:58, 
,default,Basic Target,admin,2024-11-24 15:47:18, 
,,Basic Target,admin,2024-11-24 16:17:27, 
,,Basic Target,admin,2024-11-24 16:30:48, 
,,Basic Target,admin,2024-11-24 16:31:27, 
,,Basic Target,admin,2024-11-24 16:32:55, 
,,Basic Target,admin,2024-11-24 16:36:42, 
,,Basic Target,admin,2024-11-25 09:00:37, 
,,Basic Target,admin,2024-11-25 09:01:31, 
,default,Basic Target,admin,2024-11-25 09:02:02, 
,,Basic Target,admin,2024-11-25 09:05:51, 
,default,Basic Target,admin,2024-11-25 09:07:04, 
,,Basic Target,admin,2024-11-25 09:11:16, 
,,Basic Target,admin,2024-11-25 09:44:48, 
,,Basic Target,admin,2024-11-25 10:01:04, 
,,Shell Game,admin,2024-11-25 10:03:22, 
,default,Rising Target,admin,2024-11-25 10:05:18, 
,default,Falling Plates,admin,2024-11-25 10:05:43, 
,,Shifting IPEC,admin,2024-11-25 10:07:27, 
,,Basic Target,admin,2024-11-25 10:08:37, 
,,Basic Target,admin,2024-11-25 10:09:42, 
,,Basic Target,admin,2024-11-25 11:28:07, 
,default,Basic Target,admin,2024-11-25 11:29:32, 
,default,Basic Target,admin,2024-11-25 11:30:18, 
,default,Ascending Balloons,davidw@example.com,2024-11-25 12:01:43, 
,,Man Threat 2,admin,2024-11-25 19:39:59, 
,,Basic Target,admin,2024-11-25 20:06:28, 
,,Basic Target,admin,2024-11-25 20:12:53, 
,,Basic Target,admin,2024-11-25 20:17:56, 
,,Basic Target,admin,2024-11-25 20:18:30, 
,,Basic Target,admin,2024-11-25 20:19:03, 
,,Basic Target,admin,2024-11-25 20:19:47, 
,,Basic Target,admin,2024-11-25 20:22:00, 
,,Basic Target,admin,2024-11-25 20:22:50, 
,,Basic Target,admin,2024-11-25 20:29:00, 
,,Basic Target,admin,2024-11-25 20:29:39, 
,default,Basic Target,admin,2024-11-25 20:30:09, 
,,Basic Target,admin,2024-11-25 20:30:59, 
,,Basic Target,admin,2024-11-25 20:32:52, 
,default,Basic Target,admin,2024-11-25 20:33:05, 
,default,Basic Target,admin,2024-11-25 20:33:13, 
,default,Basic Target,admin,2024-11-25 20:33:18, 
,,Basic Target,admin,2024-11-26 13:33:15, 
,,Basic Target,admin,2024-11-26 13:42:51, 
,,Basic Target,admin,2024-11-26 20:36:35, 
,default,Basic Target,admin,2024-11-26 20:36:55, 
,default,Basic Target,admin,2024-11-26 20:37:21, 
,default,Basic Target,admin,2024-11-26 20:37:56, 
,default,Basic Target,admin,2024-11-26 20:38:12, 
,default,Basic Target,admin,2024-11-26 20:38:47, 
,,Basic Target,admin,2024-11-26 20:39:41, 
,default,Basic Target,admin,2024-11-26 20:39:59, 
,default,Basic Target,admin,2024-11-26 20:40:17, 
,default,Basic Target,admin,2024-11-26 20:40:34, 
,,Basic Target,admin,2024-11-26 20:41:20, 
,default,Basic Target,admin,2024-11-26 20:41:34, 
,,Basic Target,admin,2024-11-26 23:58:39, 
,,Basic Target,admin,2024-11-27 00:12:01, 
,default,Basic Target,admin,2024-11-27 00:12:29, 
,default,Basic Target,admin,2024-11-27 00:12:48, 
SHOOTER32479,Michele Milkor,Falling Plates,davidw@example.com,2024-11-28 07:06:50, 
,default,Falling Plates,davidw@example.com,2024-11-28 07:11:03, 
,,Rising Target,admin,2024-11-28 07:49:12, 
,default,Bullseye Challenge,admin,2024-11-28 07:50:09, 
,default,Bullseye Challenge,admin,2024-11-28 07:51:01, 
,,Ascending Balloons,admin,2024-11-28 08:07:37, 
SHOOTER32479,Michele Milkor,Moving IPEC,davidw@example.com,2024-11-29 11:51:13, 
SHOOTER32479,Michele Milkor,IPEC Man 4,davidw@example.com,2024-11-29 11:53:53, 
,,Basic Target,admin,2024-12-02 18:56:24, 
,default,Distance Simulator,admin,2024-12-02 18:58:01, 
,,Rising Shape,admin,2024-12-02 19:01:37, 
,,Shifting IPEC,admin,2024-12-02 22:10:09, 
,default,Diverse Bullseye,admin,2024-12-02 22:11:18, 
,default,Hidden Shape,admin,2024-12-02 22:13:32, 
,default,Rising Target,admin,2024-12-02 22:14:26, 
,,Basic Target,admin,2024-12-03 11:25:26, 
,,Basic Target,admin,2024-12-03 11:26:31, 
,,Basic Target,admin,2024-12-07 17:22:46, 
,,Basic Target,admin,2024-12-07 17:26:07, 
,,Basic Target,admin,2024-12-07 17:31:23, 
,,Bullseye Challenge,davidw@example.com,2024-12-10 17:36:51, 
,default,Bullseye Challenge,davidw@example.com,2024-12-10 17:38:09, 
,default,Bullseye Challenge,davidw@example.com,2024-12-10 17:38:30, 
,default,Bullseye Challenge,davidw@example.com,2024-12-10 17:39:45, 
,default,Bullseye Challenge,davidw@example.com,2024-12-10 17:40:58, 
,default,Bullseye Challenge,davidw@example.com,2024-12-10 17:42:58, 
,default,Bullseye Challenge,davidw@example.com,2024-12-10 17:43:58, 
,default,Rising Target,davidw@example.com,2024-12-10 17:45:09, 
,default,Rising Target,davidw@example.com,2024-12-10 17:46:52, 
,default,Rising Target,davidw@example.com,2024-12-10 17:51:10, 
,,Ascending Balloons,davidw@example.com,2024-12-10 17:58:02, 
,default,Ascending Balloons,davidw@example.com,2024-12-10 17:58:35, 
,default,Ascending Balloons,davidw@example.com,2024-12-10 17:58:57, 
,,Basic Target,admin,2024-12-10 23:32:48, 
,,Basic Target,admin,2024-12-10 23:36:58, 
,,Basic Target,admin,2024-12-10 23:38:39, 
,,Racetrack Target,admin,2024-12-10 23:53:04, 
,default,Racetrack Target,admin,2024-12-10 23:53:24, 
,default,Racetrack Target,admin,2024-12-10 23:53:53, 
,,Racetrack Target,admin,2024-12-11 00:06:50, 
,default,Racetrack Target,admin,2024-12-11 00:08:15, 
,,Racetrack Target,admin,2024-12-11 00:18:14, 
,default,Racetrack Target,admin,2024-12-11 00:18:49, 
,,Basic Target,admin,2024-12-11 10:21:39, 
,default,Basic Target,admin,2024-12-11 10:21:57, 
,,Ascending Balloons,admin,2024-12-13 13:55:50, 
,default,Ascending Balloons,admin,2024-12-13 13:56:23, 
,default,Ascending Balloons,admin,2024-12-13 13:56:46, 
,default,Ascending Balloons,admin,2024-12-13 13:57:03, 
,default,Ascending Balloons,admin,2024-12-13 13:58:56, 
,default,Ascending Balloons,admin,2024-12-13 13:59:13, 
,default,ROYGBIV,admin,2024-12-13 14:03:52, 
,,Ascending Balloons,admin,2024-12-13 23:22:54, 
,default,Ascending Balloons,admin,2024-12-13 23:23:20, 
,,Ascending Balloons,admin,2024-12-13 23:26:13, 
,default,Ascending Balloons,admin,2024-12-13 23:28:30, 
,,Ascending Balloons,admin,2024-12-13 23:40:25, 
SHOOTER10074,Thulasizwe Sikhakhane,Falling Plates,thula@kamqhele.co.za,2024-12-15 19:32:45, 
,,Rising Target,davidw@example.com,2025-01-07 00:04:05, 
,,Rising Target,davidw@example.com,2025-01-07 00:08:05, 
,,Rising Target,davidw@example.com,2025-01-07 14:03:01, 
,,Rising Target,davidw@example.com,2025-01-07 14:14:14, 
,,Rising Target,davidw@example.com,2025-01-07 14:17:57, 
SHOOTER69125,John Doe,Rising Target,davidw@example.com,2025-01-07 14:24:53, 
,,Rising Target,davidw@example.com,2025-01-07 14:28:52, 
,,Rising Target,davidw@example.com,2025-01-07 14:41:57, 
,,Rising Target,davidw@example.com,2025-01-07 14:46:23, 
,,Rising Target,davidw@example.com,2025-01-07 14:57:23, 
,,Rising Target,davidw@example.com,2025-01-07 15:14:20, 
,,Rising Target,davidw@example.com,2025-01-07 15:15:51, 
,,Rising Target,davidw@example.com,2025-01-07 15:24:37, 
,,Rising Target,davidw@example.com,2025-01-08 13:28:59, 
,,Rising Target,davidw@example.com,2025-01-08 13:34:33, 
,,Rising Target,davidw@example.com,2025-01-08 13:43:25, 
,,Rising Target,davidw@example.com,2025-01-08 13:46:09, 
,,Rising Target,davidw@example.com,2025-01-08 14:02:58, 
,,Rising Target,davidw@example.com,2025-01-08 14:29:21, 
,,Rising Target,davidw@example.com,2025-01-08 14:31:15, 
1234,default,Rising Target,davidw@example.com,2025-01-08 14:32:12, 
1234,default,Rising Target,davidw@example.com,2025-01-08 14:33:38, 
,,Rising Target,davidw@example.com,2025-01-08 20:49:29, 
,,Rising Target,davidw@example.com,2025-01-08 20:51:37, 
,,Rising Target,davidw@example.com,2025-01-08 20:53:23, 
1234,default,Rising Target,davidw@example.com,2025-01-08 20:56:23, 
,,Basic Target,admin,2025-01-10 15:13:26, 
,,Basic Target,admin,2025-01-12 01:40:08, 
,,Basic Target,admin,2025-01-12 01:43:06, 
,,Basic Target,admin,2025-01-12 16:02:35, 
,,Basic Target,admin,2025-01-13 02:43:35, 
,,Rising Target,admin,2025-01-13 05:19:40, 
,,Rising Target,davidw@example.com,2025-01-13 05:37:17, 
,,Rising Target,davidw@example.com,2025-01-13 05:42:43, 
1234,default,Rising Target,davidw@example.com,2025-01-13 05:44:41, 
,,Rising Target,davidw@example.com,2025-01-13 05:56:42, 
,,Rising Target,davidw@example.com,2025-01-13 06:03:12, 
,,Rising Target,davidw@example.com,2025-01-13 06:09:07, 
,,Bullseye Challenge,davidw@example.com,2025-01-13 06:11:58, 
,,Bullseye Challenge,davidw@example.com,2025-01-13 06:19:58, 
,,Bullseye Challenge,davidw@example.com,2025-01-13 06:25:32, 
,,Basic Target,admin,2025-01-13 06:29:31, 
,,Basic Target,admin,2025-01-14 00:37:24, 
,,Basic Target,admin,2025-01-14 01:06:47, 
,,Basic Target,admin,2025-01-27 04:50:26, 
1234,default,Basic Target,admin,2025-01-27 04:51:18, 
,,ROYGBIV,admin,2025-01-27 04:59:52, 
,,Basic Target,admin,2025-01-28 01:24:25, 
1234,default,Basic Target,admin,2025-01-28 01:24:34, 
,,Basic Target,admin,2025-01-28 01:25:59, 
,,Basic Target,admin,2025-01-28 01:40:49, 
,,Basic Target,admin,2025-01-28 01:45:39, 
1234,default,Basic Target,admin,2025-01-28 01:46:09, 
,,Basic Target,admin,2025-01-28 01:47:21, 
1234,default,Basic Target,admin,2025-01-28 01:47:41, 
,,Basic Target,admin,2025-01-28 02:00:37, 
,,Basic Target,admin,2025-01-28 02:02:25, 
,,Basic Target,admin,2025-01-28 22:05:31, 
,,Basic Target,admin,2025-01-28 22:29:11, 
,,Rising Target,davidw@example.com,2025-01-30 21:45:43, 
,,Basic Target,admin,2025-01-30 21:55:28, 
,,Basic Target,admin,2025-01-30 22:00:41, 
,,Basic Target,admin,2025-01-30 22:02:12, 
1234,default,Basic Target,admin,2025-01-30 22:03:30, 
1234,default,Basic Target,admin,2025-01-30 22:05:18, 
1234,default,Basic Target,admin,2025-01-30 22:05:48, 
,,Dueling Tree,admin,2025-01-30 22:16:09, 
,,Rising Target,davidw@example.com,2025-01-30 22:21:48, 
,,Rising Target,davidw@example.com,2025-01-30 22:30:21, 
1234,default,Rising Target,davidw@example.com,2025-01-30 22:43:08, 
,,Basic Target,admin,2025-01-31 16:09:04, 
,,Rising Target,davidw@example.com,2025-01-31 16:11:31, 
1234,default,Rising Target,davidw@example.com,2025-01-31 16:13:09, 
,,Bullseye Challenge,davidw@example.com,2025-02-05 08:24:53, 
,,Rising Target,mecaela.coetzee@gmail.com,2025-02-05 12:09:48, 
,,Rising Target,mecaela.coetzee@gmail.com,2025-02-05 12:13:29, 
,,Rising Target,mecaela.coetzee@gmail.com,2025-02-06 23:15:47, 
1234,default,Rising Target,mecaela.coetzee@gmail.com,2025-02-06 23:26:12, 
,,Rising Target,mecaela.coetzee@gmail.com,2025-02-11 00:23:01, 
1234,default,Rising Target,mecaela.coetzee@gmail.com,2025-02-11 00:24:32, 
1234,default,Rising Target,mecaela.coetzee@gmail.com,2025-02-11 00:26:24, 
1234,default,Rising Target,mecaela.coetzee@gmail.com,2025-02-11 00:27:19, 
,,Rising Target,mecaela.coetzee@gmail.com,2025-02-11 01:24:51, 
1234,default,Rising Target,mecaela.coetzee@gmail.com,2025-02-11 01:27:35, 
1234,default,Rising Target,mecaela.coetzee@gmail.com,2025-02-11 01:28:19, 
1234,default,Rising Target,mecaela.coetzee@gmail.com,2025-02-11 01:29:11, 
1234,default,Rising Target,mecaela.coetzee@gmail.com,2025-02-11 01:30:08, 
1234,default,Rising Target,mecaela.coetzee@gmail.com,2025-02-11 01:30:59, 
1234,default,Rising Target,mecaela.coetzee@gmail.com,2025-02-11 01:35:35, 
1234,default,Rising Target,mecaela.coetzee@gmail.com,2025-02-11 01:36:10, 
,,Basic Target,admin,2025-02-14 11:58:18, 
,,Basic Target,admin,2025-02-17 10:17:07, 
,,Basic Target,admin,2025-02-17 10:26:03, 
,,Basic Target,admin,2025-02-17 10:30:29, 
,,Basic Target,admin,2025-02-17 10:32:34, 
,,Basic Target,admin,2025-02-17 10:33:30, 
,,Basic Target,admin,2025-02-17 10:34:22, 
,,Rising Target,davidw@example.com,2025-02-17 10:36:05, 
,,Rising Target,davidw@example.com,2025-02-17 10:47:21, 
,,Rising Target,davidw@example.com,2025-02-17 10:52:26, 
,,Rising Target,davidw@example.com,2025-02-17 11:35:12, 
,,Rising Target,davidw@example.com,2025-02-17 11:37:43, 
,,Rising Target,davidw@example.com,2025-02-17 11:58:11, 
,,Rising Target,davidw@example.com,2025-02-17 12:07:38, 
,,Rising Target,davidw@example.com,2025-02-17 12:13:16, 
1234,default,Rising Target,davidw@example.com,2025-02-17 12:15:03, 
,,Rising Target,davidw@example.com,2025-02-17 13:27:53, 
,,Rising Target,davidw@example.com,2025-02-18 15:24:54, 
,,Rising Target,davidw@example.com,2025-02-18 16:13:34, 
,,Rising Target,davidw@example.com,2025-02-18 16:15:26, 
,,Rising Target,davidw@example.com,2025-02-18 16:32:00, 
,,Rising Target,davidw@example.com,2025-02-18 16:57:03, 
,,Rising Target,davidw@example.com,2025-02-18 17:32:25, 
,,Rising Target,davidw@example.com,2025-02-19 19:24:09, 
,,Rising Target,admin,2025-02-19 19:27:17, 
1234,default,Rising Target,admin,2025-02-19 19:27:30, 
1234,default,Rising Target,davidw@example.com,2025-02-19 19:28:08, 
,,Rising Target,davidw@example.com,2025-02-19 19:37:51, 
,,Rising Target,davidw@example.com,2025-02-19 20:11:24, 
,,Rising Target,davidw@example.com,2025-02-19 20:17:50, 
1234,default,Rising Target,davidw@example.com,2025-02-19 20:18:33, 
,,Rising Target,davidw@example.com,2025-02-20 00:23:34, 
,,Rising Target,davidw@example.com,2025-02-20 00:36:39, 
,,Rising Target,davidw@example.com,2025-02-20 00:40:46, 
1234,default,Rising Target,davidw@example.com,2025-02-20 01:04:04, 
,,Rising Target,davidw@example.com,2025-02-20 01:25:55, 
,,Rising Target,davidw@example.com,2025-02-20 01:35:32, 
,,Rising Target,davidw@example.com,2025-02-20 20:36:33, 
,,Rising Target,davidw@example.com,2025-02-21 00:55:32, 
1234,default,Rising Target,davidw@example.com,2025-02-21 00:55:51, 
,,Rising Target,davidw@example.com,2025-02-21 00:58:52, 
,,Rising Target,davidw@example.com,2025-02-21 01:01:30, 
,,Rising Target,davidw@example.com,2025-02-21 09:35:10, 
,,Rising Target,davidw@example.com,2025-02-21 09:36:36, 
,,Rising Target,davidw@example.com,2025-02-21 09:44:23, 
,,Rising Target,davidw@example.com,2025-02-21 09:46:09, 
,,Rising Target,davidw@example.com,2025-02-21 17:35:59, 
,,Rising Target,davidw@example.com,2025-02-24 13:41:11, 
,,Rising Target,davidw@example.com,2025-02-24 15:00:22, 
,,Basic Target,admin,2025-02-24 20:25:22, 
1234,default,Basic Target,admin,2025-02-24 20:25:46, 
,,Basic Target,admin,2025-02-24 20:26:44, 
,,Basic Target,admin,2025-02-24 20:48:10, 
,,Basic Target,admin,2025-02-24 20:56:51, 
,,Basic Target,admin,2025-02-24 21:01:25, 
,,Basic Target,admin,2025-02-24 22:12:57, 
,,Basic Target,admin,2025-02-24 22:17:49, 
,,Basic Target,admin,2025-02-24 22:18:48, 
,,Basic Target,admin,2025-02-24 22:20:06, 
,,Basic Target,admin,2025-02-24 22:21:34, 
,,Basic Target,admin,2025-02-24 22:25:00, 
1234,default,Basic Target,admin,2025-02-24 22:25:25, 
,,Basic Target,admin,2025-02-24 22:27:33, 
,,Basic Target,admin,2025-02-24 22:32:47, 
,,Basic Target,admin,2025-02-24 22:40:30, 
1234,default,Basic Target,admin,2025-02-24 22:41:00, 
,,Basic Target,admin,2025-02-24 22:42:55, 
,,Basic Target,admin,2025-02-24 23:12:34, 
,,Basic Target,admin,2025-02-24 23:21:22, 
,,Basic Target,admin,2025-02-25 00:27:06, 
,,Basic Target,admin,2025-02-25 00:30:12, 
,,Basic Target,admin,2025-02-25 00:31:00, 
,,Basic Target,admin,2025-02-25 00:36:36, 
,,Basic Target,admin,2025-02-25 00:38:56, 
,,Animal Target,admin,2025-02-25 00:55:05, 
,,Animal Target,admin,2025-02-25 00:58:24, 
1234,default,Animal Target,admin,2025-02-25 01:01:16, 
1234,default,Animal Target,admin,2025-02-25 01:03:51, 
,,Basic Target,admin,2025-02-25 01:20:12, 
,,Basic Target,admin,2025-02-25 01:31:53, 
,,Basic Target,admin,2025-02-25 01:35:11, 
,,Basic Target,admin,2025-02-25 01:37:49, 
,,Basic Target,admin,2025-02-25 01:38:59, 
,,Basic Target,admin,2025-02-25 01:40:37, 
,,Bullseye Challenge,admin,2025-02-25 09:48:05, 
,,Basic Target,admin,2025-02-25 11:00:43, 
,,Basic Target,admin,2025-02-26 09:37:03, 
1234,default,Bullseye Challenge,admin,2025-02-26 09:43:08, 
,,Rising Target,davidw@example.com,2025-02-27 10:25:31, 
,,Rising Target,davidw@example.com,2025-02-27 10:40:59, 
,,Rising Target,davidw@example.com,2025-02-27 20:14:03, 
,,Rising Target,davidw@example.com,2025-02-27 20:15:28, 
,,Rising Target,davidw@example.com,2025-02-27 20:18:28, 
,,Rising Target,davidw@example.com,2025-02-27 20:46:16, 
,,Rising Target,davidw@example.com,2025-02-28 14:08:49, 
1234,default,Rising Target,davidw@example.com,2025-02-28 14:09:23, 
,,Basic Target,admin,2025-03-03 08:49:06, 
,,Basic Target,admin,2025-03-03 09:00:32, 
,,Basic Target,admin,2025-03-03 10:32:38, 
,,Basic Target,admin,2025-03-03 10:36:33, 
,,Basic Target,admin,2025-03-03 10:40:28, 
,,Basic Target,admin,2025-03-03 10:41:19, 
,,Basic Target,admin,2025-03-03 10:42:50, 
,,Basic Target,admin,2025-03-03 10:43:45, 
,,Basic Target,admin,2025-03-03 10:45:11, 
,,Basic Target,admin,2025-03-03 10:45:42, 
,,Basic Target,admin,2025-03-03 10:48:40, 
,,Basic Target,admin,2025-03-03 10:49:52, 
,,Basic Target,admin,2025-03-03 10:53:25, 
1234,default,Rising Target,admin,2025-03-03 10:53:55, 
,,Basic Target,admin,2025-03-03 10:55:22, 
1234,default,Bullseye Challenge,admin,2025-03-03 10:56:17, 
,,Basic Target,admin,2025-03-03 10:59:02, 
1234,default,Rising Target,admin,2025-03-03 10:59:37, 
,,Basic Target,admin,2025-03-03 11:04:33, 
1234,default,Rising Target,admin,2025-03-03 11:05:47, 
,,Basic Target,admin,2025-03-03 11:36:39, 
,,Basic Target,admin,2025-03-03 11:42:26, 
,,Basic Target,admin,2025-03-03 11:46:19, 
,,Basic Target,admin,2025-03-03 11:53:43, 
,,Basic Target,admin,2025-03-03 12:00:39, 
1234,default,Basic Target,admin,2025-03-03 12:00:59, 
1234,default,Basic Target,admin,2025-03-03 12:01:18, 
,,Basic Target,admin,2025-03-03 12:06:17, 
,,Basic Target,admin,2025-03-03 12:08:43, 
1234,default,Ascending Balloons,admin,2025-03-03 12:09:11, 
,,Basic Target,admin,2025-03-03 12:10:53, 
1234,default,Ascending Balloons,admin,2025-03-03 12:11:47, 
,,Basic Target,admin,2025-03-03 12:14:11, 
,,Basic Target,admin,2025-03-03 12:15:17, 
,,Basic Target,admin,2025-03-03 12:16:15, 
,,Basic Target,admin,2025-03-03 12:17:26, 
1234,default,Ascending Balloons,admin,2025-03-03 12:17:38, 
,,Basic Target,admin,2025-03-03 12:19:30, 
1234,default,Ascending Balloons,admin,2025-03-03 12:19:40, 
,,Basic Target,admin,2025-03-03 12:23:59, 
1234,default,Ascending Balloons,admin,2025-03-03 12:24:08, 
1234,default,Falling Plates,admin,2025-03-03 12:24:36, 
,,Basic Target,admin,2025-03-03 12:27:48, 
,,Basic Target,admin,2025-03-03 12:28:38, 
1234,default,Dice Shoot,admin,2025-03-03 12:28:51, 
,,Rising Target,davidw@example.com,2025-03-03 12:30:50, 
,,Basic Target,admin,2025-03-03 12:35:38, 
,,Rising Target,davidw@example.com,2025-03-03 12:41:13, 
1234,default,Bullseye Challenge,davidw@example.com,2025-03-03 12:41:32, 
,,Basic Target,admin,2025-03-03 12:43:11, 
,,Rising Target,davidw@example.com,2025-03-03 12:44:53, 
1234,default,Bullseye Challenge,davidw@example.com,2025-03-03 12:45:39, 
1234,default,Clay Pigeon,davidw@example.com,2025-03-03 12:46:09, 
,,Rising Target,davidw@example.com,2025-03-03 15:01:48, 
1234,default,Rising Target,davidw@example.com,2025-03-03 15:07:58, 
1234,default,Bullseye Challenge,davidw@example.com,2025-03-03 15:09:07, 
1234,default,Ascending Balloons,davidw@example.com,2025-03-03 15:09:24, 
1234,default,Rising Target,davidw@example.com,2025-03-03 15:10:30, 
,,Rising Target,davidw@example.com,2025-03-03 15:13:40, 
,,Rising Target,davidw@example.com,2025-03-03 15:44:55, 
,,Rising Target,davidw@example.com,2025-03-03 15:51:08, 
,,Rising Target,davidw@example.com,2025-03-03 16:32:52, 
1234,default,Rising Target,davidw@example.com,2025-03-03 16:46:04, 
1234,default,Rising Target,davidw@example.com,2025-03-03 16:52:24, 
1234,default,Rising Target,davidw@example.com,2025-03-03 16:58:25, 
1234,default,Rising Target,davidw@example.com,2025-03-03 17:20:41, 
,,Rising Target,davidw@example.com,2025-03-03 17:47:11, 
1234,default,Rising Target,davidw@example.com,2025-03-03 18:40:13, 
1234,default,Rising Target,davidw@example.com,2025-03-03 18:48:54, 
1234,default,Rising Target,davidw@example.com,2025-03-03 18:58:42, 
1234,default,Rising Target,davidw@example.com,2025-03-03 18:58:55, 
,,Rising Target,davidw@example.com,2025-03-03 19:13:24, 
1234,default,Rising Target,davidw@example.com,2025-03-03 19:26:07, 
1234,default,Rising Target,davidw@example.com,2025-03-03 19:39:22, 
,,Rising Target,davidw@example.com,2025-03-03 19:41:16, 
1234,default,Rising Target,davidw@example.com,2025-03-03 19:45:09, 
1234,default,Rising Target,davidw@example.com,2025-03-03 20:33:30, 
,,Rising Target,admin,2025-03-03 20:34:12, 
,,Rising Target,davidw@example.com,2025-03-03 20:35:02, 
,,Rising Target,davidw@example.com,2025-03-03 20:52:26, 
,,Rising Target,davidw@example.com,2025-03-03 21:31:30, 
,,Basic Target,admin,2025-03-03 21:45:45, 
1234,default,Rising Target,admin,2025-03-03 21:46:23, 
,,Rising Target,davidw@example.com,2025-03-03 22:29:50, 
,,Basic Target,admin,2025-03-04 08:08:01, 
,,Basic Target,admin,2025-03-04 10:27:25, 
,,Basic Target,admin,2025-03-04 10:28:10, 
,,Basic Target,admin,2025-03-04 10:28:34, 
,,Basic Target,admin,2025-03-04 10:29:12, 
,,Basic Target,admin,2025-03-04 10:29:37, 
,,Basic Target,admin,2025-03-04 10:30:10, 
1234,default,Man Threat 2,admin,2025-03-04 10:30:17, 
1234,default,Diverse Bullseye,admin,2025-03-04 10:30:25, 
1234,default,Ascending Balloons,admin,2025-03-04 10:30:35, 
,,Basic Target,admin,2025-03-04 10:34:11, 
1234,default,Clay Pigeon,admin,2025-03-04 10:34:33, 
1234,default,Ascending Balloons,admin,2025-03-04 10:34:43, 
1234,default,Rising Target,admin,2025-03-04 10:34:57, 
,,Basic Target,admin,2025-03-04 10:35:48, 
,,Basic Target,admin,2025-03-04 10:36:33, 
,,Basic Target,admin,2025-03-04 10:37:07, 
,,Basic Target,admin,2025-03-04 10:38:37, 
,,Basic Target,admin,2025-03-04 10:39:03, 
1234,default,Ascending Balloons,admin,2025-03-04 10:39:11, 
,,Rising Target,davidw@example.com,2025-03-04 10:55:36, 
,,Rising Target,davidw@example.com,2025-03-04 11:01:37, 
1234,default,Rising Target,davidw@example.com,2025-03-04 11:02:39, 
,,Rising Target,davidw@example.com,2025-03-04 11:06:04, 
,,Rising Target,davidw@example.com,2025-03-04 11:11:39, 
1234,default,Rising Target,davidw@example.com,2025-03-04 11:13:33, 
,,Rising Target,davidw@example.com,2025-03-04 11:18:49, 
,,Rising Target,davidw@example.com,2025-03-04 11:25:03, 
,,Rising Target,davidw@example.com,2025-03-04 11:26:17, 
,,Rising Target,davidw@example.com,2025-03-06 18:52:43, 
,,Rising Target,davidw@example.com,2025-03-06 20:38:26, 
,,Rising Target,davidw@example.com,2025-03-06 21:12:13, 
,,Rising Target,davidw@example.com,2025-03-06 21:27:35, 
,,Rising Target,davidw@example.com,2025-03-06 21:32:51, 
,,Rising Target,davidw@example.com,2025-03-06 21:40:16, 
,,Rising Target,davidw@example.com,2025-03-06 21:43:10, 
,,Rising Target,davidw@example.com,2025-03-06 21:45:41, 
,,Rising Target,davidw@example.com,2025-03-06 21:55:03, 
,,Rising Target,davidw@example.com,2025-03-06 21:58:16, 
1234,default,Rising Target,davidw@example.com,2025-03-06 22:08:13, 
,,Rising Target,davidw@example.com,2025-03-06 22:13:38, 
,,Rising Target,davidw@example.com,2025-03-06 23:08:11, 
,,Rising Target,davidw@example.com,2025-03-06 23:22:44, 
,,Rising Target,davidw@example.com,2025-03-06 23:25:39, 
,,Rising Target,davidw@example.com,2025-03-06 23:31:21, 
,,Rising Target,davidw@example.com,2025-03-06 23:37:18, 
,,Basic Target,admin,2025-03-06 23:46:43, 
1234,default,Bullseye Challenge,admin,2025-03-06 23:47:35, 
1234,default,Ascending Balloons,admin,2025-03-06 23:47:51, 
,,Rising Target,admin,2025-03-06 23:49:17, 
1234,default,Bullseye Challenge,admin,2025-03-06 23:49:25, 
1234,default,Ascending Balloons,admin,2025-03-06 23:49:32, 
,,Rising Target,admin,2025-03-06 23:50:49, 
1234,default,Bullseye Challenge,admin,2025-03-06 23:50:59, 
1234,default,Ascending Balloons,admin,2025-03-06 23:51:08, 
,,Rising Target,admin,2025-03-06 23:57:12, 
,,Basic Target,admin,2025-03-07 00:03:57, 
1234,default,Rising Target,admin,2025-03-07 00:04:23, 
1234,default,Bullseye Challenge,admin,2025-03-07 00:04:30, 
1234,default,Ascending Balloons,admin,2025-03-07 00:04:37, 
1234,default,Bullseye Challenge,admin,2025-03-07 00:04:51, 
1234,default,Rising Target,admin,2025-03-07 00:05:14, 
,,Basic Target,admin,2025-03-07 14:22:32, 
1234,default,Rising Target,admin,2025-03-07 14:23:04, 
,,Basic Target,admin,2025-03-07 14:30:23, 
,,Basic Target,admin,2025-03-07 14:32:28, 
,,Basic Target,admin,2025-03-07 14:33:21, 
,,Basic Target,admin,2025-03-07 14:36:39, 
,,Rising Target,davidw@example.com,2025-03-07 20:20:00, 
,,Basic Target,admin,2025-03-10 12:44:24, 
,,Basic Target,admin,2025-03-10 12:49:48, 
,,Basic Target,admin,2025-03-10 12:50:14, 
,,Basic Target,admin,2025-03-10 12:51:52, 
,,Basic Target,admin,2025-03-10 14:18:29, 
,,Basic Target,admin,2025-03-10 14:19:07, 
,,Basic Target,admin,2025-03-10 14:27:13, 
,,Basic Target,admin,2025-03-10 14:28:11, 
,,Basic Target,admin,2025-03-10 14:33:31, 
,,Basic Target,admin,2025-03-10 14:34:34, 
,,Basic Target,admin,2025-03-10 14:35:32, 
,,Basic Target,admin,2025-03-10 14:50:42, 
1234,default,Bullseye Challenge,admin,2025-03-10 14:51:17, 
,,Basic Target,admin,2025-03-10 14:51:46, 
,,Basic Target,admin,2025-03-10 14:52:29, 
,,Basic Target,admin,2025-03-10 14:55:17, 
,,Basic Target,admin,2025-03-10 14:59:43, 
,,Basic Target,admin,2025-03-10 15:02:23, 
,,Basic Target,admin,2025-03-10 15:06:58, 
,,Basic Target,admin,2025-03-10 15:07:56, 
,,Basic Target,admin,2025-03-10 15:10:12, 
,,Basic Target,admin,2025-03-10 15:12:59, 
,,Basic Target,admin,2025-03-10 15:13:49, 
,,Basic Target,admin,2025-03-10 15:18:13, 
,,Basic Target,admin,2025-03-10 15:18:31, 
,,Basic Target,admin,2025-03-10 15:40:56, 
1234,default,Basic Target,admin,2025-03-10 15:41:54, 
1234,default,Bullseye Challenge,admin,2025-03-10 15:43:17, 
,,Basic Target,admin,2025-03-10 16:11:10, 
,,Basic Target,admin,2025-03-10 16:15:20, 
,,Basic Target,admin,2025-03-10 16:19:17, 
,,Basic Target,admin,2025-03-10 16:19:59, 
,,Basic Target,admin,2025-03-10 16:21:01, 
,,Basic Target,admin,2025-03-10 16:23:36, 
,,Basic Target,admin,2025-03-10 16:31:46, 
,,Basic Target,admin,2025-03-10 16:36:46, 
,,Basic Target,admin,2025-03-10 16:39:36, 
,,Basic Target,admin,2025-03-10 16:53:56, 
,,Basic Target,admin,2025-03-10 17:02:32, 
,,Basic Target,admin,2025-03-10 17:08:02, 
,,Basic Target,admin,2025-03-10 17:08:34, 
1234,default,Basic Target,admin,2025-03-10 17:08:48, 
,,Basic Target,admin,2025-03-10 17:15:34, 
,,Basic Target,admin,2025-03-10 17:17:46, 
,,Basic Target,admin,2025-03-10 17:19:04, 
,,Basic Target,admin,2025-03-10 17:24:33, 
1234,default,Basic Target,admin,2025-03-10 17:25:25, 
,,Basic Target,admin,2025-03-10 17:29:27, 
,,Basic Target,admin,2025-03-10 17:32:31, 
,,Basic Target,admin,2025-03-10 17:35:57, 
,,Basic Target,admin,2025-03-10 17:44:04, 
,,Basic Target,admin,2025-03-10 17:44:53, 
,,Basic Target,admin,2025-03-10 17:49:43, 
,,Basic Target,admin,2025-03-10 17:50:25, 
,,Basic Target,admin,2025-03-10 17:51:42, 
1234,default,Basic Target,admin,2025-03-10 17:52:16, 
,,Basic Target,admin,2025-03-10 17:57:22, 
,,Basic Target,admin,2025-03-10 18:08:52, 
,,Basic Target,admin,2025-03-10 18:10:17, 
,,Basic Target,admin,2025-03-10 18:11:30, 
,,Basic Target,admin,2025-03-10 18:13:37, 
,,Basic Target,admin,2025-03-10 18:19:47, 
,,Basic Target,admin,2025-03-10 18:21:32, 
,,Basic Target,admin,2025-03-10 18:22:51, 
,,Basic Target,admin,2025-03-10 18:23:24, 
,,Basic Target,admin,2025-03-10 18:25:34, 
1234,default,Basic Target,admin,2025-03-10 18:26:13, 
,,Basic Target,admin,2025-03-10 18:27:50, 
,,Basic Target,admin,2025-03-10 18:28:41, 
,,Basic Target,admin,2025-03-10 19:51:08, 
,,Basic Target,admin,2025-03-10 19:52:07, 
,,Basic Target,admin,2025-03-10 19:53:47, 
,,Basic Target,admin,2025-03-10 20:02:46, 
1234,default,Basic Target,admin,2025-03-10 20:03:42, 
1234,default,Basic Target,admin,2025-03-10 20:05:44, 
,,Basic Target,admin,2025-03-10 20:13:38, 
,,Basic Target,admin,2025-03-10 20:17:58, 
,,Basic Target,admin,2025-03-10 20:24:49, 
,,Basic Target,admin,2025-03-10 20:48:45, 
1234,default,Basic Target,admin,2025-03-10 20:49:22, 
,,Rising Target,davidw@example.com,2025-03-10 20:51:24, 
1234,default,Bullseye Challenge,davidw@example.com,2025-03-10 20:55:58, 
,,Basic Target,admin,2025-03-10 22:07:29, 
,,Basic Target,admin,2025-03-10 22:11:16, 
,,Basic Target,admin,2025-03-10 22:12:46, 
,,Basic Target,admin,2025-03-10 22:13:28, 
,,Basic Target,admin,2025-03-10 22:14:38, 
,,Basic Target,admin,2025-03-10 22:41:23, 
,,Basic Target,admin,2025-03-10 22:42:29, 
,,Basic Target,admin,2025-03-10 22:44:04, 
,,Basic Target,admin,2025-03-10 22:50:04, 
,,Basic Target,admin,2025-03-10 22:51:47, 
,,Basic Target,admin,2025-03-10 22:55:37, 
,,Basic Target,admin,2025-03-10 22:56:21, 
,,Basic Target,admin,2025-03-10 23:01:17, 
,,Basic Target,admin,2025-03-10 23:14:53, 
,,Basic Target,admin,2025-03-10 23:16:11, 
,,Basic Target,admin,2025-03-10 23:20:30, 
,,Basic Target,admin,2025-03-10 23:22:14, 
,,Basic Target,admin,2025-03-10 23:26:22, 
,,Basic Target,admin,2025-03-10 23:27:30, 
,,Basic Target,admin,2025-03-10 23:42:55, 
,,Basic Target,admin,2025-03-11 00:18:12, 
,,Basic Target,admin,2025-03-11 00:24:41, 
,,Basic Target,admin,2025-03-11 00:27:55, 
,,Basic Target,admin,2025-03-11 00:30:50, 
,,Basic Target,admin,2025-03-11 00:35:53, 
,,Basic Target,admin,2025-03-11 00:38:09, 
,,Basic Target,admin,2025-03-11 00:40:41, 
,,Basic Target,admin,2025-03-11 00:42:25, 
,,Basic Target,admin,2025-03-11 00:43:14, 
,,Basic Target,admin,2025-03-11 00:43:44, 
,,Basic Target,admin,2025-03-11 00:45:04, 
,,Basic Target,admin,2025-03-11 00:55:23, 
,,Basic Target,admin,2025-03-11 00:59:34, 
,,Basic Target,admin,2025-03-11 01:04:51, 
,,Basic Target,admin,2025-03-11 01:05:32, 
,,Basic Target,admin,2025-03-11 01:09:33, 
,,Basic Target,admin,2025-03-11 01:10:49, 
,,Basic Target,admin,2025-03-11 01:24:15, 
,,Basic Target,admin,2025-03-11 01:26:33, 
,,Basic Target,admin,2025-03-11 01:28:08, 
,,Basic Target,admin,2025-03-11 01:30:23, 
,,Basic Target,admin,2025-03-11 01:32:47, 
,,Basic Target,admin,2025-03-11 01:36:22, 
,,Basic Target,admin,2025-03-11 01:43:43, 
,,Basic Target,admin,2025-03-11 01:47:07, 
,,Basic Target,admin,2025-03-11 01:48:38, 
,,Basic Target,admin,2025-03-11 01:49:50, 
,,Basic Target,admin,2025-03-11 01:51:06, 
,,Basic Target,admin,2025-03-11 01:52:25, 
,,Basic Target,admin,2025-03-11 01:53:07, 
,,Basic Target,admin,2025-03-11 01:54:10, 
,,Basic Target,admin,2025-03-11 01:54:44, 
,,Basic Target,admin,2025-03-11 01:55:16, 
,,Basic Target,admin,2025-03-11 01:55:58, 
,,Basic Target,admin,2025-03-11 01:56:58, 
,,Basic Target,admin,2025-03-11 01:57:32, 
,,Basic Target,admin,2025-03-11 01:58:22, 
,,Basic Target,admin,2025-03-11 01:59:15, 
,,Basic Target,admin,2025-03-11 02:00:07, 
,,Basic Target,admin,2025-03-11 02:02:25, 
,,Basic Target,admin,2025-03-11 02:04:02, 
,,Basic Target,admin,2025-03-11 02:05:10, 
,,Basic Target,admin,2025-03-11 02:05:39, 
,,Basic Target,admin,2025-03-11 02:06:06, 
,,Basic Target,admin,2025-03-11 02:07:50, 
,,Basic Target,admin,2025-03-11 02:11:57, 
,,Basic Target,admin,2025-03-11 02:13:52, 
,,Basic Target,admin,2025-03-11 02:19:53, 
,,Basic Target,admin,2025-03-11 02:26:57, 
,,Basic Target,admin,2025-03-11 02:29:25, 
,,Basic Target,admin,2025-03-11 02:31:22, 
,,Basic Target,admin,2025-03-11 02:34:44, 
,,Basic Target,admin,2025-03-11 02:36:09, 
,,Rising Target,davidw@example.com,2025-03-11 02:39:07, 
1234,default,Rising Target,davidw@example.com,2025-03-11 02:40:06, 
,,Basic Target,admin,2025-03-11 02:50:36, 
,,Basic Target,admin,2025-03-11 02:51:44, 
,,Basic IPEC Board,davidw@example.com,2025-03-11 11:15:12, 
1234,default,Hidden Shape,davidw@example.com,2025-03-11 11:17:39, 
1234,default,Dueling Tree,davidw@example.com,2025-03-11 11:18:38, 
,,Basic Target,admin,2025-03-11 11:20:48, 
,,Basic Target,admin,2025-03-11 11:22:53, 
,,Basic Target,admin,2025-03-11 11:23:51, 
,,Basic Target,admin,2025-03-11 11:24:52, 
,,Basic Target,admin,2025-03-11 11:26:50, 
1234,default,Basic Target,admin,2025-03-11 11:27:14, 
1234,default,Basic Target,admin,2025-03-11 11:27:58, 
,,Rising Target,davidw@example.com,2025-03-11 12:54:10, 
,,Rising Target,davidw@example.com,2025-03-11 20:50:16, 
,,Rising Target,davidw@example.com,2025-03-12 11:27:25, 
1234,default,Rising Target,davidw@example.com,2025-03-12 11:28:31, 
,,Rising Target,davidw@example.com,2025-03-12_11:35:25, 
,,Basic Target,admin,2025-03-12_23:51:49, 
,,Basic Target,admin,2025-03-13_00:08:47, 
,,Basic Target,admin,2025-03-13_00:10:37, 
,,Rising Target,davidw@example.com,2025-03-13_00:12:09, 
,,Basic Target,admin,2025-03-13_00:21:02, 
1234,default,Bullseye Challenge,admin,2025-03-13_00:21:29, 
,,Rising Target,davidw@example.com,2025-03-13_00:34:52, 
,,Rising Target,davidw@example.com,2025-03-13_01:00:21, 
,,Rising Target,davidw@example.com,2025-03-13_12:05:59, 
,,Rising Target,davidw@example.com,2025-03-13_15:14:02, 
,,Basic Target,admin,2025-03-17_16:27:30, 
,,Basic Target,admin,2025-03-17_16:29:35, 
,,Basic Target,admin,2025-03-17_16:32:06, 
,,Basic Target,admin,2025-03-17_16:35:19, 
,,Bullseye Challenge,admin,2025-03-17_16:36:33, 
1234,default,Rising Target,admin,2025-03-17_16:36:46, 
,,Bullseye Challenge,admin,2025-03-17_16:37:51, 
1234,default,Rising Target,admin,2025-03-17_16:38:06, 
1234,default,Bullseye Challenge,admin,2025-03-17_16:39:14, 
1234,default,Rising Target,admin,2025-03-17_16:39:30, 
1234,default,Bullseye Challenge,admin,2025-03-17_16:39:48, 
,,Rising Target,davidw@example.com,2025-03-18_13:29:11, 
1234,default,Bullseye Challenge,davidw@example.com,2025-03-18_13:29:42, 
1234,default,Rising Target,davidw@example.com,2025-03-18_13:30:12, 
1234,default,Bullseye Challenge,davidw@example.com,2025-03-18_13:31:27, 
1234,default,Rising Target,davidw@example.com,2025-03-18_13:31:50, 
1234,default,Bullseye Challenge,davidw@example.com,2025-03-18_13:32:06, 
1234,default,Rising Target,davidw@example.com,2025-03-18_13:32:34, 
1234,default,Bullseye Challenge,davidw@example.com,2025-03-18_13:34:36, 
1234,default,Rising Target,davidw@example.com,2025-03-18_13:35:06, 
1234,default,Bullseye Challenge,davidw@example.com,2025-03-18_13:35:17, 
1234,default,Bullseye Challenge,davidw@example.com,2025-03-18_13:36:31, 
1234,default,Rising Target,davidw@example.com,2025-03-18_13:36:52, 
,,Bullseye Challenge,davidw@example.com,2025-03-18_13:41:40, 
1234,default,Rising Target,davidw@example.com,2025-03-18_13:42:07, 
1234,default,Ascending Balloons,davidw@example.com,2025-03-18_13:42:43, 
1234,default,Bullseye Challenge,davidw@example.com,2025-03-18_13:43:58, 
1234,default,Rising Target,davidw@example.com,2025-03-18_13:44:13, 
,,Rising Target,admin,2025-03-20_22:23:53, 
,,Falling Plates,davidw@example.com,2025-03-26_12:05:28, 
1234,default,Falling Plates,davidw@example.com,2025-03-26_12:06:09, 
,,Falling Plates,davidw@example.com,2025-03-26_12:07:40, 
,,Basic Target,admin,2025-03-26_12:11:26, 
,,Basic Target,admin,2025-03-26_12:12:34, 
,,Basic Target,admin,2025-03-26_12:14:36, 
,,Basic Target,admin,2025-03-26_12:18:15, 
,,Basic Target,admin,2025-03-26_12:23:03, 
,,Basic Target,admin,2025-03-26_12:27:52, 
,,Basic Target,admin,2025-03-26_12:29:45, 
